Agency,Year,Complaint Type,Count
DEP,2012,AIR QUALITY,6918
DEP,2012,ASBESTOS,1526
DEP,2012,ATF,59
DEP,2012,FATF,9
DEP,2012,HAZARDOUS MATERIALS,2752
DEP,2012,INDUSTRIAL WASTE,1671
DEP,2012,LEAD,2080
DEP,2012,NOISE,34137
DEP,2012,PLANT,246
DEP,2012,SEWER,36882
DEP,2012,WATER CONSERVATION,2167
DEP,2012,WATER QUALITY,1087
DEP,2012,WATER SYSTEM,57598
DEP,2013,AIR QUALITY,6799
DEP,2013,ASBESTOS,1380
DEP,2013,ATF,71
DEP,2013,FATF,8
DEP,2013,HAZARDOUS MATERIALS,2736
DEP,2013,INDUSTRIAL WASTE,1507
DEP,2013,LEAD,2140
DEP,2013,NOISE,39187
DEP,2013,PLANT,664
DEP,2013,SEWER,31365
DEP,2013,WATER CONSERVATION,3688
DEP,2013,WATER QUALITY,1171
DEP,2013,WATER SYSTEM,53064
DEP,2013,ZTESTINT,1
DEP,2014,AIR QUALITY,7109
DEP,2014,ASBESTOS,1601
DEP,2014,ATF,38
DEP,2014,FATF,3
DEP,2014,HAZARDOUS MATERIALS,2764
DEP,2014,INDUSTRIAL WASTE,1381
DEP,2014,LEAD,1941
DEP,2014,NOISE,51103
DEP,2014,PLANT,315
DEP,2014,SEWER,36458
DEP,2014,SG-99,1
DEP,2014,WATER CONSERVATION,4533
DEP,2014,WATER QUALITY,1185
DEP,2014,WATER SYSTEM,55773
DEP,2014,ZTESTINT,1
DEP,2015,AIR QUALITY,8485
DEP,2015,ASBESTOS,1826
DEP,2015,ATF,68
DEP,2015,FATF,39
DEP,2015,HAZARDOUS MATERIALS,3126
DEP,2015,INDUSTRIAL WASTE,1470
DEP,2015,LEAD,2310
DEP,2015,NOISE,57295
DEP,2015,PLANT,246
DEP,2015,SEWER,31835
DEP,2015,SRDE,7
DEP,2015,WATER CONSERVATION,6001
DEP,2015,WATER QUALITY,1232
DEP,2015,WATER SYSTEM,71002
DEP,2016,AIR QUALITY,8818
DEP,2016,ASBESTOS,1576
DEP,2016,ATF,37
DEP,2016,FATF,24
DEP,2016,HAZARDOUS MATERIALS,3147
DEP,2016,INDUSTRIAL WASTE,1370
DEP,2016,LEAD,11430
DEP,2016,NOISE,58412
DEP,2016,PLANT,217
DEP,2016,SEWER,32618
DEP,2016,SRDE,7
DEP,2016,WATER CONSERVATION,4167
DEP,2016,WATER QUALITY,1448
DEP,2016,WATER SYSTEM,73251
DEP,2016,ZTESTINT,2
DEP,2017,AIR QUALITY,7685
DEP,2017,ASBESTOS,1346
DEP,2017,ATF,21
DEP,2017,FATF,200
DEP,2017,FCST,59
DEP,2017,HAZARDOUS MATERIALS,3027
DEP,2017,INDUSTRIAL WASTE,1423
DEP,2017,LEAD,7923
DEP,2017,NOISE,60121
DEP,2017,PLANT,151
DEP,2017,SEWER,32497
DEP,2017,SRDE,1
DEP,2017,WATER CONSERVATION,2958
DEP,2017,WATER QUALITY,1517
DEP,2017,WATER SYSTEM,64954
DEP,2017,ZSYSTEST,1
DEP,2017,ZTESTINT,1
DEP,2018,AIR QUALITY,7378
DEP,2018,ASBESTOS,1635
DEP,2018,FATF,111
DEP,2018,FCST,124
DEP,2018,HAZARDOUS MATERIALS,3017
DEP,2018,INDUSTRIAL WASTE,1264
DEP,2018,LEAD,8819
DEP,2018,NOISE,60608
DEP,2018,PLANT,86
DEP,2018,SEWER,37616
DEP,2018,WATER CONSERVATION,5508
DEP,2018,WATER QUALITY,2005
DEP,2018,WATER SYSTEM,76192
DEP,2018,ZSYSTEST,1
DEP,2018,ZTESTINT,2
DEP,2019,AIR QUALITY,7133
DEP,2019,ASBESTOS,1312
DEP,2019,FATF,71
DEP,2019,HAZARDOUS MATERIALS,2634
DEP,2019,INDUSTRIAL WASTE,1011
DEP,2019,INTERNAL CODE,2
DEP,2019,LEAD,8154
DEP,2019,MSOTHER,1
DEP,2019,NOISE,52588
DEP,2019,PLANT,74
DEP,2019,SEWER,27970
DEP,2019,SRDE,3
DEP,2019,WATER CONSERVATION,3215
DEP,2019,WATER QUALITY,1931
DEP,2019,WATER SYSTEM,49653
DEP,2020,AIR QUALITY,6378
DEP,2020,ASBESTOS,790
DEP,2020,HAZARDOUS MATERIALS,2048
DEP,2020,INDUSTRIAL WASTE,620
DEP,2020,INTERNAL CODE,3
DEP,2020,LEAD,6722
DEP,2020,NOISE,44912
DEP,2020,PLANT,65
DEP,2020,SEWER,24663
DEP,2020,WATER CONSERVATION,3244
DEP,2020,WATER QUALITY,1836
DEP,2020,WATER SYSTEM,50320
DEP,2021,AIR QUALITY,7397
DEP,2021,ASBESTOS,678
DEP,2021,HAZARDOUS MATERIALS,1837
DEP,2021,INDUSTRIAL WASTE,661
DEP,2021,INTERNAL CODE,7
DEP,2021,LEAD,5840
DEP,2021,NOISE,38435
DEP,2021,PLANT,66
DEP,2021,SEWER,34264
DEP,2021,SRDE,1
DEP,2021,WATER CONSERVATION,3092
DEP,2021,WATER QUALITY,2345
DEP,2021,WATER SYSTEM,49757
DOB,2012,BEST/SITE SAFETY,1874
DOB,2012,BOILERS,1710
DOB,2012,BOROUGH OFFICE,1
DOB,2012,BUILDING/USE,26284
DOB,2012,CONSTRUCTION,6012
DOB,2012,CONSTRUCTION SAFETY ENFORCEMENT,1761
DOB,2012,CRANES AND DERRICKS,338
DOB,2012,ELECTRICAL,3264
DOB,2012,ELEVATOR,7913
DOB,2012,EMERGENCY RESPONSE TEAM (ERT),4191
DOB,2012,FORENSIC ENGINEERING,473
DOB,2012,GENERAL CONSTRUCTION/PLUMBING,46062
DOB,2012,INVESTIGATIONS AND DISCIPLINE (IAD),1577
DOB,2012,MAINTENANCE OR FACILITY,11
DOB,2012,MISCELLANEOUS CATEGORIES,139
DOB,2012,PLUMBING,3639
DOB,2012,SCAFFOLD SAFETY,225
DOB,2012,SPECIAL NATURAL AREA DISTRICT (SNAD),56
DOB,2012,SPECIAL PROJECTS INSPECTION TEAM (SPIT),2709
DOB,2012,STALLED SITES,208
DOB,2012,TRAFFIC SIGNAL CONDITION,1
DOB,2013,BEST/SITE SAFETY,2336
DOB,2013,BOILERS,1919
DOB,2013,BUILDING MARSHALS OFFICE,1
DOB,2013,BUILDING/USE,25219
DOB,2013,CONSTRUCTION,5592
DOB,2013,CONSTRUCTION SAFETY ENFORCEMENT,2241
DOB,2013,CRANES AND DERRICKS,346
DOB,2013,ELECTRICAL,4006
DOB,2013,ELEVATOR,8237
DOB,2013,EMERGENCY RESPONSE TEAM (ERT),4612
DOB,2013,FACADES,1
DOB,2013,FORENSIC ENGINEERING,231
DOB,2013,GENERAL CONSTRUCTION/PLUMBING,43697
DOB,2013,INVESTIGATIONS AND DISCIPLINE (IAD),1075
DOB,2013,MISCELLANEOUS CATEGORIES,572
DOB,2013,PLUMBING,3244
DOB,2013,SCAFFOLD SAFETY,162
DOB,2013,SPECIAL NATURAL AREA DISTRICT (SNAD),82
DOB,2013,SPECIAL PROJECTS INSPECTION TEAM (SPIT),3212
DOB,2013,STALLED SITES,73
DOB,2014,BEST/SITE SAFETY,1905
DOB,2014,BOILERS,1630
DOB,2014,BUILDING MARSHALS OFFICE,251
DOB,2014,BUILDING/USE,26578
DOB,2014,CONSTRUCTION,5866
DOB,2014,CONSTRUCTION SAFETY ENFORCEMENT,3727
DOB,2014,CRANES AND DERRICKS,301
DOB,2014,ELECTRICAL,4453
DOB,2014,ELEVATOR,8772
DOB,2014,EMERGENCY RESPONSE TEAM (ERT),4801
DOB,2014,FACADES,392
DOB,2014,FORENSIC ENGINEERING,222
DOB,2014,GENERAL CONSTRUCTION/PLUMBING,47756
DOB,2014,INVESTIGATIONS AND DISCIPLINE (IAD),1289
DOB,2014,MISCELLANEOUS CATEGORIES,772
DOB,2014,PLUMBING,3994
DOB,2014,QUALITY OF LIFE,1
DOB,2014,SCAFFOLD SAFETY,204
DOB,2014,SPECIAL NATURAL AREA DISTRICT (SNAD),50
DOB,2014,SPECIAL PROJECTS INSPECTION TEAM (SPIT),4840
DOB,2014,STALLED SITES,28
DOB,2015,BEST/SITE SAFETY,2086
DOB,2015,BOILERS,1410
DOB,2015,BUILDING MARSHALS OFFICE,482
DOB,2015,BUILDING/USE,25433
DOB,2015,CONSTRUCTION,7011
DOB,2015,CONSTRUCTION SAFETY ENFORCEMENT,3641
DOB,2015,CRANES AND DERRICKS,259
DOB,2015,ELECTRICAL,2819
DOB,2015,ELEVATOR,9671
DOB,2015,EMERGENCY RESPONSE TEAM (ERT),4189
DOB,2015,FACADES,368
DOB,2015,FORENSIC ENGINEERING,63
DOB,2015,GENERAL CONSTRUCTION/PLUMBING,50374
DOB,2015,INTERIOR DEMO,4
DOB,2015,INVESTIGATIONS AND DISCIPLINE (IAD),991
DOB,2015,MISCELLANEOUS CATEGORIES,3930
DOB,2015,PLUMBING,4654
DOB,2015,QUALITY OF LIFE,200
DOB,2015,SCAFFOLD SAFETY,248
DOB,2015,SPECIAL NATURAL AREA DISTRICT (SNAD),72
DOB,2015,SPECIAL PROJECTS INSPECTION TEAM (SPIT),3289
DOB,2015,STALLED SITES,43
DOB,2016,BEST/SITE SAFETY,2180
DOB,2016,BOILERS,1766
DOB,2016,BUILDING MARSHALS OFFICE,1202
DOB,2016,BUILDING/USE,27540
DOB,2016,CONSTRUCTION,2
DOB,2016,CONSTRUCTION SAFETY ENFORCEMENT,3302
DOB,2016,CRANES AND DERRICKS,353
DOB,2016,DEPT OF INVESTIGATIONS,3
DOB,2016,ELECTRICAL,3301
DOB,2016,ELEVATOR,12535
DOB,2016,EMERGENCY RESPONSE TEAM (ERT),4255
DOB,2016,FACADES,335
DOB,2016,FORENSIC ENGINEERING,5
DOB,2016,GENERAL CONSTRUCTION/PLUMBING,53896
DOB,2016,INTERIOR DEMO,3
DOB,2016,INVESTIGATIONS AND DISCIPLINE (IAD),436
DOB,2016,MISCELLANEOUS CATEGORIES,5303
DOB,2016,PLUMBING,5254
DOB,2016,QUALITY OF LIFE,206
DOB,2016,SCAFFOLD SAFETY,285
DOB,2016,SPECIAL NATURAL AREA DISTRICT (SNAD),92
DOB,2016,SPECIAL PROJECTS INSPECTION TEAM (SPIT),3548
DOB,2016,STALLED SITES,1
DOB,2016,SUSTAINABILITY ENFORCEMENT,1212
DOB,2017,BEST/SITE SAFETY,2178
DOB,2017,BOILERS,1537
DOB,2017,BOROUGH OFFICE,736
DOB,2017,BUILDING MARSHALS OFFICE,2047
DOB,2017,BUILDING/USE,29010
DOB,2017,CONSTRUCTION SAFETY ENFORCEMENT,4026
DOB,2017,CRANES AND DERRICKS,319
DOB,2017,ELECTRICAL,3856
DOB,2017,ELEVATOR,13212
DOB,2017,EMERGENCY RESPONSE TEAM (ERT),4876
DOB,2017,EXECUTIVE INSPECTIONS,255
DOB,2017,FACADES,423
DOB,2017,FORENSIC ENGINEERING,5
DOB,2017,FORMS,4
DOB,2017,GENERAL CONSTRUCTION/PLUMBING,52620
DOB,2017,INTERIOR DEMO,5
DOB,2017,INVESTIGATIONS AND DISCIPLINE (IAD),292
DOB,2017,MISCELLANEOUS CATEGORIES,3880
DOB,2017,PLUMBING,8154
DOB,2017,QUALITY OF LIFE,326
DOB,2017,SCAFFOLD SAFETY,251
DOB,2017,SPECIAL ENFORCEMENT,2
DOB,2017,SPECIAL NATURAL AREA DISTRICT (SNAD),105
DOB,2017,SPECIAL PROJECTS INSPECTION TEAM (SPIT),3782
DOB,2017,STALLED SITES,4
DOB,2017,SUSTAINABILITY ENFORCEMENT,2474
DOB,2018,BEST/SITE SAFETY,2047
DOB,2018,BOILERS,1630
DOB,2018,BOROUGH OFFICE,3573
DOB,2018,BUILDING MARSHALS OFFICE,1804
DOB,2018,BUILDING/USE,29282
DOB,2018,CONSTRUCTION SAFETY ENFORCEMENT,3266
DOB,2018,CRANES AND DERRICKS,284
DOB,2018,DEPT OF INVESTIGATIONS,4
DOB,2018,ELECTRICAL,3785
DOB,2018,ELEVATOR,15067
DOB,2018,EMERGENCY RESPONSE TEAM (ERT),4768
DOB,2018,EXECUTIVE INSPECTIONS,732
DOB,2018,FACADES,361
DOB,2018,GENERAL CONSTRUCTION/PLUMBING,52527
DOB,2018,INTERIOR DEMO,8
DOB,2018,INVESTIGATIONS AND DISCIPLINE (IAD),236
DOB,2018,LOST PROPERTY,5
DOB,2018,MAINTENANCE OR FACILITY,2
DOB,2018,MISCELLANEOUS CATEGORIES,475
DOB,2018,PLUMBING,8546
DOB,2018,QUALITY OF LIFE,406
DOB,2018,SCAFFOLD SAFETY,248
DOB,2018,SPECIAL ENFORCEMENT,15
DOB,2018,SPECIAL NATURAL AREA DISTRICT (SNAD),106
DOB,2018,SPECIAL OPERATIONS,15
DOB,2018,SPECIAL PROJECTS INSPECTION TEAM (SPIT),6427
DOB,2018,STALLED SITES,2
DOB,2018,SUSTAINABILITY ENFORCEMENT,1979
DOB,2019,BEST/SITE SAFETY,1178
DOB,2019,BOILERS,2301
DOB,2019,BOROUGH OFFICE,3599
DOB,2019,BUILDING MARSHALS OFFICE,1288
DOB,2019,BUILDING/USE,20353
DOB,2019,CONSTRUCTION,2
DOB,2019,CONSTRUCTION SAFETY ENFORCEMENT,8214
DOB,2019,CRANES AND DERRICKS,179
DOB,2019,DEPT OF INVESTIGATIONS,6
DOB,2019,ELECTRICAL,2269
DOB,2019,ELEVATOR,14491
DOB,2019,EMERGENCY RESPONSE TEAM (ERT),3988
DOB,2019,EXECUTIVE INSPECTIONS,272
DOB,2019,FACADES,279
DOB,2019,FORENSIC ENGINEERING,5
DOB,2019,GENERAL CONSTRUCTION/PLUMBING,43690
DOB,2019,INVESTIGATIONS AND DISCIPLINE (IAD),816
DOB,2019,MISCELLANEOUS CATEGORIES,83
DOB,2019,PLUMBING,4689
DOB,2019,QUALITY OF LIFE,185
DOB,2019,SCAFFOLD SAFETY,198
DOB,2019,SINGLE OCCUPANCY BATHROOM,40
DOB,2019,SPECIAL NATURAL AREA DISTRICT (SNAD),97
DOB,2019,SPECIAL OPERATIONS,253
DOB,2019,SPECIAL PROJECTS INSPECTION TEAM (SPIT),4766
DOB,2019,STALLED SITES,1
DOB,2019,SUSTAINABILITY ENFORCEMENT,749
DOB,2020,BEST/SITE SAFETY,232
DOB,2020,BOILERS,2138
DOB,2020,BOROUGH OFFICE,21
DOB,2020,BUILDING MARSHALS OFFICE,9
DOB,2020,BUILDING/USE,16375
DOB,2020,COVID-19 NON-ESSENTIAL CONSTRUCTION,6657
DOB,2020,CRANES AND DERRICKS,107
DOB,2020,DEPT OF INVESTIGATIONS,13
DOB,2020,ELECTRICAL,1734
DOB,2020,ELEVATOR,13410
DOB,2020,EMERGENCY RESPONSE TEAM (ERT),3665
DOB,2020,EXECUTIVE INSPECTIONS,2
DOB,2020,FACADES,1
DOB,2020,GENERAL CONSTRUCTION/PLUMBING,35508
DOB,2020,INVESTIGATIONS AND DISCIPLINE (IAD),417
DOB,2020,MISCELLANEOUS CATEGORIES,5
DOB,2020,PLUMBING,2371
DOB,2020,SCAFFOLD SAFETY,142
DOB,2020,SPECIAL NATURAL AREA DISTRICT (SNAD),42
DOB,2020,SPECIAL PROJECTS INSPECTION TEAM (SPIT),2861
DOB,2021,BEST/SITE SAFETY,340
DOB,2021,BOILERS,2918
DOB,2021,BOROUGH OFFICE,17
DOB,2021,BUILDING MARSHALS OFFICE,1
DOB,2021,BUILDING/USE,15344
DOB,2021,COVID-19 NON-ESSENTIAL CONSTRUCTION,678
DOB,2021,CRANES AND DERRICKS,64
DOB,2021,DEPT OF INVESTIGATIONS,15
DOB,2021,ELECTRICAL,1495
DOB,2021,ELEVATOR,13025
DOB,2021,EMERGENCY RESPONSE TEAM (ERT),2511
DOB,2021,EXECUTIVE INSPECTIONS,3
DOB,2021,FACADES,1
DOB,2021,GENERAL CONSTRUCTION/PLUMBING,29536
DOB,2021,INVESTIGATIONS AND DISCIPLINE (IAD),349
DOB,2021,MISCELLANEOUS CATEGORIES,14
DOB,2021,PLUMBING,2557
DOB,2021,SCAFFOLD SAFETY,132
DOB,2021,SPECIAL NATURAL AREA DISTRICT (SNAD),32
DOB,2021,SPECIAL PROJECTS INSPECTION TEAM (SPIT),2543
DOF,2012,DOF PARKING - ADDRESS UPDATE,1
DOF,2012,DOF PARKING - DMV CLEARANCE,215
DOF,2012,DOF PARKING - PAYMENT ISSUE,9763
DOF,2012,DOF PARKING - REQUEST COPY,1238
DOF,2012,DOF PARKING - REQUEST STATUS,1904
DOF,2012,DOF PARKING - TAX EXEMPTION,757
DOF,2012,DOF PROPERTY - CITY REBATE,129
DOF,2012,DOF PROPERTY - OWNER ISSUE,9293
DOF,2012,DOF PROPERTY - PAYMENT ISSUE,3928
DOF,2012,DOF PROPERTY - PROPERTY VALUE,8
DOF,2012,DOF PROPERTY - REDUCTION ISSUE,10303
DOF,2012,DOF PROPERTY - REQUEST COPY,6131
DOF,2012,DOF PROPERTY - RPIE ISSUE,163
DOF,2012,SCRIE,16217
DOF,2013,DOF PARKING - DMV CLEARANCE,154
DOF,2013,DOF PARKING - PAYMENT ISSUE,9588
DOF,2013,DOF PARKING - REQUEST COPY,1276
DOF,2013,DOF PARKING - REQUEST STATUS,1441
DOF,2013,DOF PARKING - TAX EXEMPTION,510
DOF,2013,DOF PROPERTY - CITY REBATE,105
DOF,2013,DOF PROPERTY - OWNER ISSUE,8273
DOF,2013,DOF PROPERTY - PAYMENT ISSUE,4119
DOF,2013,DOF PROPERTY - PROPERTY VALUE,110
DOF,2013,DOF PROPERTY - REDUCTION ISSUE,13813
DOF,2013,DOF PROPERTY - REQUEST COPY,5557
DOF,2013,DOF PROPERTY - RPIE ISSUE,340
DOF,2013,SCRIE,8350
DOF,2014,DOF PARKING - DMV CLEARANCE,105
DOF,2014,DOF PARKING - PAYMENT ISSUE,9550
DOF,2014,DOF PARKING - REQUEST COPY,1032
DOF,2014,DOF PARKING - REQUEST STATUS,917
DOF,2014,DOF PARKING - TAX EXEMPTION,716
DOF,2014,DOF PROPERTY - CITY REBATE,43
DOF,2014,DOF PROPERTY - OWNER ISSUE,8745
DOF,2014,DOF PROPERTY - PAYMENT ISSUE,5663
DOF,2014,DOF PROPERTY - PROPERTY VALUE,199
DOF,2014,DOF PROPERTY - REDUCTION ISSUE,11749
DOF,2014,DOF PROPERTY - REQUEST COPY,6309
DOF,2014,DOF PROPERTY - RPIE ISSUE,309
DOF,2014,SCRIE,8341
DOF,2015,ADVOCATE - OTHER,5
DOF,2015,ADVOCATE - RPIE,1
DOF,2015,ADVOCATE-COMMERCIAL EXEMPTIONS,1
DOF,2015,ADVOCATE-PERSONAL EXEMPTIONS,12
DOF,2015,ADVOCATE-PROP CLASS INCORRECT,1
DOF,2015,ADVOCATE-SCRIE/DRIE,10
DOF,2015,DOF PARKING - DMV CLEARANCE,185
DOF,2015,DOF PARKING - PAYMENT ISSUE,5991
DOF,2015,DOF PARKING - REQUEST COPY,613
DOF,2015,DOF PARKING - REQUEST STATUS,648
DOF,2015,DOF PARKING - TAX EXEMPTION,934
DOF,2015,DOF PROPERTY - CITY REBATE,44
DOF,2015,DOF PROPERTY - OWNER ISSUE,8580
DOF,2015,DOF PROPERTY - PAYMENT ISSUE,5154
DOF,2015,DOF PROPERTY - PROPERTY VALUE,119
DOF,2015,DOF PROPERTY - REDUCTION ISSUE,11611
DOF,2015,DOF PROPERTY - REQUEST COPY,5898
DOF,2015,DOF PROPERTY - RPIE ISSUE,226
DOF,2015,DOF PROPERTY - UPDATE ACCOUNT,348
DOF,2015,SCRIE,7777
DOF,2015,TAXPAYER ADVOCATE INQUIRY,7
DOF,2016,ADVOCATE - OTHER,30
DOF,2016,ADVOCATE - RPIE,1
DOF,2016,ADVOCATE-BUSINESS TAX,2
DOF,2016,ADVOCATE-CO-OPCONDO ABATEMENT,16
DOF,2016,ADVOCATE-COMMERCIAL EXEMPTIONS,4
DOF,2016,ADVOCATE-PERSONAL EXEMPTIONS,69
DOF,2016,ADVOCATE-PROP REFUNDS/CREDITS,12
DOF,2016,ADVOCATE-PROPERTY VALUE,7
DOF,2016,ADVOCATE-SCRIE/DRIE,2
DOF,2016,ADVOCATE-UBT,5
DOF,2016,DOF PARKING - DMV CLEARANCE,123
DOF,2016,DOF PARKING - PAYMENT ISSUE,3979
DOF,2016,DOF PARKING - REQUEST COPY,571
DOF,2016,DOF PARKING - REQUEST STATUS,637
DOF,2016,DOF PARKING - TAX EXEMPTION,1095
DOF,2016,DOF PROPERTY - CITY REBATE,15
DOF,2016,DOF PROPERTY - OWNER ISSUE,1717
DOF,2016,DOF PROPERTY - PAYMENT ISSUE,4108
DOF,2016,DOF PROPERTY - PROPERTY VALUE,216
DOF,2016,DOF PROPERTY - REDUCTION ISSUE,10017
DOF,2016,DOF PROPERTY - REQUEST COPY,5917
DOF,2016,DOF PROPERTY - RPIE ISSUE,244
DOF,2016,DOF PROPERTY - UPDATE ACCOUNT,6560
DOF,2016,DRIE,623
DOF,2016,SCRIE,6519
DOF,2016,TAXPAYER ADVOCATE INQUIRY,52
DOF,2017,ADVOCATE - LEVY,1
DOF,2017,ADVOCATE - LIEN,1
DOF,2017,ADVOCATE - OTHER,56
DOF,2017,ADVOCATE - RPIE,2
DOF,2017,ADVOCATE-BUSINESS TAX,1
DOF,2017,ADVOCATE-CO-OPCONDO ABATEMENT,27
DOF,2017,ADVOCATE-COMMERCIAL EXEMPTIONS,6
DOF,2017,ADVOCATE-PERSONAL EXEMPTIONS,330
DOF,2017,ADVOCATE-PROP CLASS INCORRECT,5
DOF,2017,ADVOCATE-PROP REFUNDS/CREDITS,27
DOF,2017,ADVOCATE-PROPERTY VALUE,16
DOF,2017,ADVOCATE-SCRIE/DRIE,1
DOF,2017,DOF PARKING - DMV CLEARANCE,118
DOF,2017,DOF PARKING - PAYMENT ISSUE,4201
DOF,2017,DOF PARKING - REQUEST COPY,621
DOF,2017,DOF PARKING - REQUEST STATUS,535
DOF,2017,DOF PARKING - TAX EXEMPTION,1101
DOF,2017,DOF PROPERTY - OWNER ISSUE,1858
DOF,2017,DOF PROPERTY - PAYMENT ISSUE,6591
DOF,2017,DOF PROPERTY - PROPERTY VALUE,315
DOF,2017,DOF PROPERTY - REDUCTION ISSUE,16094
DOF,2017,DOF PROPERTY - REQUEST COPY,6337
DOF,2017,DOF PROPERTY - RPIE ISSUE,269
DOF,2017,DOF PROPERTY - UPDATE ACCOUNT,6090
DOF,2017,DRIE,1299
DOF,2017,SCRIE,5195
DOF,2017,TAXPAYER ADVOCATE INQUIRY,99
DOF,2018,ADVOCATE - LEVY,1
DOF,2018,ADVOCATE - LIEN,8
DOF,2018,ADVOCATE - OTHER,115
DOF,2018,ADVOCATE - RPIE,2
DOF,2018,ADVOCATE-BUSINESS TAX,2
DOF,2018,ADVOCATE-CO-OPCONDO ABATEMENT,31
DOF,2018,ADVOCATE-COMMERCIAL EXEMPTIONS,5
DOF,2018,ADVOCATE-PERSONAL EXEMPTIONS,278
DOF,2018,ADVOCATE-PROP CLASS INCORRECT,2
DOF,2018,ADVOCATE-PROP REFUNDS/CREDITS,275
DOF,2018,ADVOCATE-PROPERTY VALUE,14
DOF,2018,ADVOCATE-SCRIE/DRIE,2
DOF,2018,DOF PARKING - DMV CLEARANCE,159
DOF,2018,DOF PARKING - PAYMENT ISSUE,3905
DOF,2018,DOF PARKING - REQUEST COPY,743
DOF,2018,DOF PARKING - REQUEST STATUS,651
DOF,2018,DOF PARKING - TAX EXEMPTION,1331
DOF,2018,DOF PROPERTY - OWNER ISSUE,2171
DOF,2018,DOF PROPERTY - PAYMENT ISSUE,10989
DOF,2018,DOF PROPERTY - PROPERTY VALUE,612
DOF,2018,DOF PROPERTY - REDUCTION ISSUE,14248
DOF,2018,DOF PROPERTY - REQUEST COPY,6939
DOF,2018,DOF PROPERTY - RPIE ISSUE,517
DOF,2018,DOF PROPERTY - UPDATE ACCOUNT,6097
DOF,2018,DRIE,1439
DOF,2018,SCRIE,5254
DOF,2018,TAXPAYER ADVOCATE INQUIRY,134
DOF,2019,ADVOCATE - LIEN,4
DOF,2019,ADVOCATE - OTHER,73
DOF,2019,ADVOCATE - RPIE,4
DOF,2019,ADVOCATE-BUSINESS TAX,3
DOF,2019,ADVOCATE-CO-OPCONDO ABATEMENT,10
DOF,2019,ADVOCATE-COMMERCIAL EXEMPTIONS,3
DOF,2019,ADVOCATE-FORECLOSURE,1
DOF,2019,ADVOCATE-PERSONAL EXEMPTIONS,62
DOF,2019,ADVOCATE-PROP CLASS INCORRECT,1
DOF,2019,ADVOCATE-PROP REFUNDS/CREDITS,170
DOF,2019,ADVOCATE-PROPERTY VALUE,4
DOF,2019,ADVOCATE-SCRIE/DRIE,3
DOF,2019,DOF PARKING - DMV CLEARANCE,55
DOF,2019,DOF PARKING - PAYMENT ISSUE,1704
DOF,2019,DOF PARKING - REQUEST COPY,291
DOF,2019,DOF PARKING - REQUEST STATUS,229
DOF,2019,DOF PARKING - TAX EXEMPTION,217
DOF,2019,DOF PROPERTY - OWNER ISSUE,901
DOF,2019,DOF PROPERTY - PAYMENT ISSUE,2609
DOF,2019,DOF PROPERTY - PROPERTY VALUE,390
DOF,2019,DOF PROPERTY - REDUCTION ISSUE,5737
DOF,2019,DOF PROPERTY - REQUEST COPY,3471
DOF,2019,DOF PROPERTY - RPIE ISSUE,273
DOF,2019,DOF PROPERTY - UPDATE ACCOUNT,2490
DOF,2019,DRIE,657
DOF,2019,SCRIE,2516
DOF,2019,TAXPAYER ADVOCATE INQUIRY,58
DOHMH,2012,ANIMAL FACILITY - NO PERMIT,56
DOHMH,2012,ASBESTOS,502
DOHMH,2012,BEACH/POOL/SAUNA COMPLAINT,223
DOHMH,2012,BOTTLED WATER,11
DOHMH,2012,CALORIE LABELING,16
DOHMH,2012,DOF LITERATURE REQUEST,1
DOHMH,2012,DPR INTERNAL,1
DOHMH,2012,DRINKING WATER,70
DOHMH,2012,FOOD ESTABLISHMENT,6507
DOHMH,2012,FOOD POISONING,2889
DOHMH,2012,HARBORING BEES/WASPS,179
DOHMH,2012,ILLEGAL ANIMAL KEPT AS PET,251
DOHMH,2012,ILLEGAL ANIMAL SOLD,51
DOHMH,2012,INDOOR AIR QUALITY,4137
DOHMH,2012,INDOOR SEWAGE,956
DOHMH,2012,LIFEGUARD,7
DOHMH,2012,MOLD,321
DOHMH,2012,NON-RESIDENTIAL HEAT,962
DOHMH,2012,POISON IVY,110
DOHMH,2012,PORTABLE TOILET,1
DOHMH,2012,RADIOACTIVE MATERIAL,9
DOHMH,2012,RODENT,21327
DOHMH,2012,SMOKING,1743
DOHMH,2012,STANDING WATER,3043
DOHMH,2012,SUMMER CAMP,100
DOHMH,2012,TATTOOING,100
DOHMH,2012,TRANS FAT,6
DOHMH,2012,UNLEASHED DOG,689
DOHMH,2012,UNLICENSED DOG,1
DOHMH,2012,UNSANITARY ANIMAL FACILITY,80
DOHMH,2012,UNSANITARY ANIMAL PVT PROPERTY,2415
DOHMH,2012,UNSANITARY PIGEON CONDITION,640
DOHMH,2012,WINDOW GUARD,49
DOHMH,2012,X-RAY MACHINE/EQUIPMENT,17
DOHMH,2013,ANIMAL FACILITY - NO PERMIT,58
DOHMH,2013,ANIMAL IN A PARK,1
DOHMH,2013,ASBESTOS,464
DOHMH,2013,BEACH/POOL/SAUNA COMPLAINT,146
DOHMH,2013,BOTTLED WATER,14
DOHMH,2013,CALORIE LABELING,17
DOHMH,2013,DRINKING WATER,116
DOHMH,2013,FOOD ESTABLISHMENT,6733
DOHMH,2013,FOOD POISONING,2911
DOHMH,2013,HARBORING BEES/WASPS,112
DOHMH,2013,ILLEGAL ANIMAL KEPT AS PET,233
DOHMH,2013,ILLEGAL ANIMAL SOLD,38
DOHMH,2013,INDOOR AIR QUALITY,4452
DOHMH,2013,INDOOR SEWAGE,1186
DOHMH,2013,LIFEGUARD,10
DOHMH,2013,MOLD,412
DOHMH,2013,NON-RESIDENTIAL HEAT,1401
DOHMH,2013,POISON IVY,124
DOHMH,2013,PORTABLE TOILET,1
DOHMH,2013,RADIOACTIVE MATERIAL,5
DOHMH,2013,RODENT,22345
DOHMH,2013,SMOKING,1571
DOHMH,2013,STANDING WATER,2073
DOHMH,2013,SUMMER CAMP,5
DOHMH,2013,TATTOOING,106
DOHMH,2013,TRANS FAT,4
DOHMH,2013,UNLEASHED DOG,655
DOHMH,2013,UNSANITARY ANIMAL FACILITY,81
DOHMH,2013,UNSANITARY ANIMAL PVT PROPERTY,1996
DOHMH,2013,UNSANITARY PIGEON CONDITION,516
DOHMH,2013,WINDOW GUARD,42
DOHMH,2013,X-RAY MACHINE/EQUIPMENT,14
DOHMH,2014,ANIMAL FACILITY - NO PERMIT,77
DOHMH,2014,ASBESTOS,494
DOHMH,2014,BEACH/POOL/SAUNA COMPLAINT,163
DOHMH,2014,BOTTLED WATER,14
DOHMH,2014,CALORIE LABELING,8
DOHMH,2014,DRINKING WATER,136
DOHMH,2014,FOOD ESTABLISHMENT,8025
DOHMH,2014,FOOD POISONING,2900
DOHMH,2014,HARBORING BEES/WASPS,265
DOHMH,2014,ILLEGAL ANIMAL KEPT AS PET,240
DOHMH,2014,ILLEGAL ANIMAL SOLD,52
DOHMH,2014,INDOOR AIR QUALITY,4982
DOHMH,2014,INDOOR SEWAGE,1409
DOHMH,2014,LIFEGUARD,18
DOHMH,2014,MOLD,439
DOHMH,2014,NON-RESIDENTIAL HEAT,1559
DOHMH,2014,POISON IVY,138
DOHMH,2014,RADIOACTIVE MATERIAL,8
DOHMH,2014,RODENT,24515
DOHMH,2014,SMOKING,1747
DOHMH,2014,STANDING WATER,2182
DOHMH,2014,TANNING,4
DOHMH,2014,TATTOOING,77
DOHMH,2014,TRANS FAT,4
DOHMH,2014,UNLEASHED DOG,557
DOHMH,2014,UNSANITARY ANIMAL FACILITY,124
DOHMH,2014,UNSANITARY ANIMAL PVT PROPERTY,2108
DOHMH,2014,UNSANITARY PIGEON CONDITION,548
DOHMH,2014,WINDOW GUARD,43
DOHMH,2014,X-RAY MACHINE/EQUIPMENT,12
DOHMH,2015,ANIMAL FACILITY - NO PERMIT,74
DOHMH,2015,ASBESTOS,522
DOHMH,2015,BEACH/POOL/SAUNA COMPLAINT,183
DOHMH,2015,BOTTLED WATER,16
DOHMH,2015,CALORIE LABELING,11
DOHMH,2015,DAY CARE,23
DOHMH,2015,DRINKING WATER,143
DOHMH,2015,FOOD ESTABLISHMENT,9596
DOHMH,2015,FOOD POISONING,3041
DOHMH,2015,HARBORING BEES/WASPS,223
DOHMH,2015,ILLEGAL ANIMAL KEPT AS PET,286
DOHMH,2015,ILLEGAL ANIMAL SOLD,53
DOHMH,2015,INDOOR AIR QUALITY,4806
DOHMH,2015,INDOOR SEWAGE,1207
DOHMH,2015,LIFEGUARD,17
DOHMH,2015,MOLD,343
DOHMH,2015,NON-RESIDENTIAL HEAT,1342
DOHMH,2015,POISON IVY,131
DOHMH,2015,RADIOACTIVE MATERIAL,5
DOHMH,2015,RODENT,29329
DOHMH,2015,SMOKING,1731
DOHMH,2015,STANDING WATER,1666
DOHMH,2015,TANNING,5
DOHMH,2015,TATTOOING,96
DOHMH,2015,UNLEASHED DOG,644
DOHMH,2015,UNSANITARY ANIMAL FACILITY,89
DOHMH,2015,UNSANITARY ANIMAL PVT PROPERTY,2329
DOHMH,2015,UNSANITARY PIGEON CONDITION,616
DOHMH,2015,WINDOW GUARD,52
DOHMH,2015,X-RAY MACHINE/EQUIPMENT,8
DOHMH,2016,ANIMAL FACILITY - NO PERMIT,60
DOHMH,2016,ASBESTOS,496
DOHMH,2016,ASBESTOS/GARBAGE NUISANCE,1
DOHMH,2016,BEACH/POOL/SAUNA COMPLAINT,170
DOHMH,2016,BOTTLED WATER,15
DOHMH,2016,CALORIE LABELING,9
DOHMH,2016,DAY CARE,541
DOHMH,2016,DRINKING WATER,148
DOHMH,2016,FOOD ESTABLISHMENT,10396
DOHMH,2016,FOOD POISONING,3430
DOHMH,2016,FORMS,1
DOHMH,2016,HARBORING BEES/WASPS,177
DOHMH,2016,ILLEGAL ANIMAL KEPT AS PET,285
DOHMH,2016,ILLEGAL ANIMAL SOLD,55
DOHMH,2016,INDOOR AIR QUALITY,4353
DOHMH,2016,INDOOR SEWAGE,1245
DOHMH,2016,LEAD,1
DOHMH,2016,LIFEGUARD,13
DOHMH,2016,MOLD,314
DOHMH,2016,MOSQUITOES,965
DOHMH,2016,NON-RESIDENTIAL HEAT,1118
DOHMH,2016,POISON IVY,131
DOHMH,2016,RADIOACTIVE MATERIAL,9
DOHMH,2016,RODENT,31439
DOHMH,2016,SMOKING,1623
DOHMH,2016,STANDING WATER,5838
DOHMH,2016,TANNING,12
DOHMH,2016,TATTOOING,81
DOHMH,2016,TRANS FAT,3
DOHMH,2016,TRAPPING PIGEON,1
DOHMH,2016,UNLEASHED DOG,615
DOHMH,2016,UNSANITARY ANIMAL FACILITY,65
DOHMH,2016,UNSANITARY ANIMAL PVT PROPERTY,2181
DOHMH,2016,UNSANITARY PIGEON CONDITION,648
DOHMH,2016,WINDOW GUARD,53
DOHMH,2016,X-RAY MACHINE/EQUIPMENT,12
DOHMH,2017,ANIMAL FACILITY - NO PERMIT,58
DOHMH,2017,ASBESTOS,458
DOHMH,2017,BEACH/POOL/SAUNA COMPLAINT,168
DOHMH,2017,BOTTLED WATER,11
DOHMH,2017,CALORIE LABELING,13
DOHMH,2017,COOLING TOWER,32
DOHMH,2017,DAY CARE,511
DOHMH,2017,DRINKING WATER,120
DOHMH,2017,FOOD ESTABLISHMENT,10404
DOHMH,2017,FOOD POISONING,3285
DOHMH,2017,FORMS,4
DOHMH,2017,HARBORING BEES/WASPS,187
DOHMH,2017,ILLEGAL ANIMAL KEPT AS PET,260
DOHMH,2017,ILLEGAL ANIMAL SOLD,59
DOHMH,2017,INDOOR AIR QUALITY,4400
DOHMH,2017,INDOOR SEWAGE,1142
DOHMH,2017,LIFEGUARD,30
DOHMH,2017,MOLD,346
DOHMH,2017,MOSQUITOES,676
DOHMH,2017,NON-RESIDENTIAL HEAT,1087
DOHMH,2017,PET SHOP,121
DOHMH,2017,POISON IVY,162
DOHMH,2017,RADIOACTIVE MATERIAL,6
DOHMH,2017,RODENT,35075
DOHMH,2017,SMOKING,2381
DOHMH,2017,STANDING WATER,2671
DOHMH,2017,TANNING,11
DOHMH,2017,TATTOOING,100
DOHMH,2017,TRANS FAT,3
DOHMH,2017,UNLEASHED DOG,767
DOHMH,2017,UNSANITARY ANIMAL FACILITY,74
DOHMH,2017,UNSANITARY ANIMAL PVT PROPERTY,2282
DOHMH,2017,UNSANITARY PIGEON CONDITION,628
DOHMH,2017,WINDOW GUARD,25
DOHMH,2017,X-RAY MACHINE/EQUIPMENT,7
DOHMH,2018,ANIMAL FACILITY - NO PERMIT,57
DOHMH,2018,ASBESTOS,563
DOHMH,2018,BEACH/POOL/SAUNA COMPLAINT,207
DOHMH,2018,BOTTLED WATER,12
DOHMH,2018,CALORIE LABELING,19
DOHMH,2018,COOLING TOWER,50
DOHMH,2018,DAY CARE,623
DOHMH,2018,DRINKING WATER,119
DOHMH,2018,FOOD ESTABLISHMENT,10759
DOHMH,2018,FOOD POISONING,3306
DOHMH,2018,FORMS,6
DOHMH,2018,HARBORING BEES/WASPS,176
DOHMH,2018,ILLEGAL ANIMAL - SOLD/KEPT,1
DOHMH,2018,ILLEGAL ANIMAL KEPT AS PET,217
DOHMH,2018,ILLEGAL ANIMAL SOLD,89
DOHMH,2018,INDOOR AIR QUALITY,4564
DOHMH,2018,INDOOR SEWAGE,1128
DOHMH,2018,INJURED WILDLIFE,1
DOHMH,2018,LIFEGUARD,17
DOHMH,2018,MOBILE FOOD VENDOR,1142
DOHMH,2018,MOLD,437
DOHMH,2018,MOSQUITOES,771
DOHMH,2018,NON-RESIDENTIAL HEAT,1301
DOHMH,2018,PET SHOP,143
DOHMH,2018,POISON IVY,188
DOHMH,2018,RADIOACTIVE MATERIAL,7
DOHMH,2018,RODENT,32529
DOHMH,2018,SMOKING,2689
DOHMH,2018,STANDING WATER,2532
DOHMH,2018,TANNING,8
DOHMH,2018,TATTOOING,105
DOHMH,2018,TRAFFIC SIGNAL CONDITION,1
DOHMH,2018,TRANS FAT,2
DOHMH,2018,UNLEASHED DOG,743
DOHMH,2018,UNLICENSED DOG,36
DOHMH,2018,UNSANITARY ANIMAL FACILITY,67
DOHMH,2018,UNSANITARY ANIMAL PVT PROPERTY,1839
DOHMH,2018,UNSANITARY PIGEON CONDITION,642
DOHMH,2018,WINDOW GUARD,29
DOHMH,2018,X-RAY MACHINE/EQUIPMENT,6
DOHMH,2019,ANIMAL FACILITY - NO PERMIT,65
DOHMH,2019,ASBESTOS,571
DOHMH,2019,BEACH/POOL/SAUNA COMPLAINT,210
DOHMH,2019,BOTTLED WATER,9
DOHMH,2019,CALORIE LABELING,7
DOHMH,2019,CONSTRUCTION LEAD DUST,97
DOHMH,2019,COOLING TOWER,22
DOHMH,2019,DAY CARE,517
DOHMH,2019,DRINKING WATER,170
DOHMH,2019,FOOD ESTABLISHMENT,10508
DOHMH,2019,FOOD POISONING,2773
DOHMH,2019,HARBORING BEES/WASPS,134
DOHMH,2019,ILLEGAL ANIMAL KEPT AS PET,227
DOHMH,2019,ILLEGAL ANIMAL SOLD,44
DOHMH,2019,INDOOR AIR QUALITY,3776
DOHMH,2019,INDOOR SEWAGE,1288
DOHMH,2019,LIFEGUARD,20
DOHMH,2019,MOBILE FOOD VENDOR,2088
DOHMH,2019,MOLD,413
DOHMH,2019,MOSQUITOES,447
DOHMH,2019,NON-RESIDENTIAL HEAT,1080
DOHMH,2019,PEELING PAINT,5
DOHMH,2019,PET SHOP,150
DOHMH,2019,POISON IVY,221
DOHMH,2019,RADIOACTIVE MATERIAL,11
DOHMH,2019,RODENT,31597
DOHMH,2019,SMOKING,2471
DOHMH,2019,STANDING WATER,2041
DOHMH,2019,TANNING,4
DOHMH,2019,TATTOOING,104
DOHMH,2019,TRANS FAT,1
DOHMH,2019,UNLEASHED DOG,641
DOHMH,2019,UNLICENSED DOG,38
DOHMH,2019,UNSANITARY ANIMAL FACILITY,63
DOHMH,2019,UNSANITARY ANIMAL PVT PROPERTY,1833
DOHMH,2019,UNSANITARY PIGEON CONDITION,616
DOHMH,2019,WINDOW GUARD,34
DOHMH,2019,X-RAY MACHINE/EQUIPMENT,9
DOHMH,2020,ANIMAL FACILITY - NO PERMIT,59
DOHMH,2020,ASBESTOS,411
DOHMH,2020,BEACH/POOL/SAUNA COMPLAINT,146
DOHMH,2020,BOTTLED WATER,21
DOHMH,2020,CALORIE LABELING,4
DOHMH,2020,CONSTRUCTION LEAD DUST,718
DOHMH,2020,COOLING TOWER,25
DOHMH,2020,DAY CARE,1291
DOHMH,2020,DRINKING WATER,215
DOHMH,2020,FOOD ESTABLISHMENT,8658
DOHMH,2020,FOOD POISONING,1768
DOHMH,2020,HARBORING BEES/WASPS,264
DOHMH,2020,ILLEGAL ANIMAL KEPT AS PET,475
DOHMH,2020,ILLEGAL ANIMAL SOLD,66
DOHMH,2020,INDOOR AIR QUALITY,3948
DOHMH,2020,INDOOR SEWAGE,1194
DOHMH,2020,LIFEGUARD,21
DOHMH,2020,MOBILE FOOD VENDOR,1733
DOHMH,2020,MOLD,188
DOHMH,2020,MOSQUITOES,371
DOHMH,2020,NON-RESIDENTIAL HEAT,557
DOHMH,2020,PEELING PAINT,84
DOHMH,2020,PET SHOP,115
DOHMH,2020,POISON IVY,130
DOHMH,2020,RADIOACTIVE MATERIAL,12
DOHMH,2020,RODENT,27534
DOHMH,2020,SMOKING,2805
DOHMH,2020,STANDING WATER,619
DOHMH,2020,TANNING,1
DOHMH,2020,TATTOOING,98
DOHMH,2020,TRANS FAT,1
DOHMH,2020,UNLEASHED DOG,833
DOHMH,2020,UNSANITARY ANIMAL FACILITY,85
DOHMH,2020,UNSANITARY ANIMAL PVT PROPERTY,1841
DOHMH,2020,UNSANITARY PIGEON CONDITION,811
DOHMH,2020,WINDOW GUARD,19
DOHMH,2020,X-RAY MACHINE/EQUIPMENT,65
DOHMH,2021,ANIMAL FACILITY - NO PERMIT,62
DOHMH,2021,ASBESTOS,457
DOHMH,2021,BEACH/POOL/SAUNA COMPLAINT,143
DOHMH,2021,BOTTLED WATER,10
DOHMH,2021,CALORIE LABELING,6
DOHMH,2021,CONSTRUCTION LEAD DUST,562
DOHMH,2021,COOLING TOWER,19
DOHMH,2021,DAY CARE,1364
DOHMH,2021,DRINKING WATER,197
DOHMH,2021,FOOD ESTABLISHMENT,7241
DOHMH,2021,FOOD POISONING,1803
DOHMH,2021,HARBORING BEES/WASPS,306
DOHMH,2021,ILLEGAL ANIMAL KEPT AS PET,534
DOHMH,2021,ILLEGAL ANIMAL SOLD,47
DOHMH,2021,INDOOR AIR QUALITY,5097
DOHMH,2021,INDOOR SEWAGE,553
DOHMH,2021,LIFEGUARD,17
DOHMH,2021,MOBILE FOOD VENDOR,3006
DOHMH,2021,MOLD,251
DOHMH,2021,MOSQUITOES,478
DOHMH,2021,NON-RESIDENTIAL HEAT,541
DOHMH,2021,PEELING PAINT,37
DOHMH,2021,PET SHOP,170
DOHMH,2021,POISON IVY,147
DOHMH,2021,RADIOACTIVE MATERIAL,13
DOHMH,2021,RODENT,34202
DOHMH,2021,SMOKING,2864
DOHMH,2021,STANDING WATER,1606
DOHMH,2021,TANNING,3
DOHMH,2021,TATTOOING,164
DOHMH,2021,UNLEASHED DOG,905
DOHMH,2021,UNLICENSED DOG,1
DOHMH,2021,UNSANITARY ANIMAL FACILITY,67
DOHMH,2021,UNSANITARY ANIMAL PVT PROPERTY,1728
DOHMH,2021,UNSANITARY PIGEON CONDITION,753
DOHMH,2021,VACCINE MANDATE NON-COMPLIANCE,3522
DOHMH,2021,WINDOW GUARD,32
DOHMH,2021,X-RAY MACHINE/EQUIPMENT,24
DOT,2012,BIKE RACK CONDITION,107
DOT,2012,BRIDGE CONDITION,458
DOT,2012,BROKEN MUNI METER,21971
DOT,2012,BROKEN PARKING METER,3164
DOT,2012,BUILDING CONDITION,6
DOT,2012,BUS STOP SHELTER COMPLAINT,1686
DOT,2012,BUS STOP SHELTER PLACEMENT,259
DOT,2012,CURB CONDITION,2323
DOT,2012,FERRY COMPLAINT,159
DOT,2012,FERRY INQUIRY,522
DOT,2012,FERRY PERMIT,29
DOT,2012,HIGHWAY CONDITION,2170
DOT,2012,HIGHWAY SIGN - DAMAGED,82
DOT,2012,HIGHWAY SIGN - DANGLING,22
DOT,2012,HIGHWAY SIGN - MISSING,42
DOT,2012,HPD LITERATURE REQUEST,1
DOT,2012,MAINTENANCE OR FACILITY,1
DOT,2012,MUNICIPAL PARKING FACILITY,49
DOT,2012,PARKING CARD,39
DOT,2012,PUBLIC TOILET,53
DOT,2012,SIDEWALK CONDITION,19737
DOT,2012,STREET CONDITION,67050
DOT,2012,STREET LIGHT CONDITION,93866
DOT,2012,STREET SIGN - DAMAGED,6995
DOT,2012,STREET SIGN - DANGLING,2113
DOT,2012,STREET SIGN - MISSING,3718
DOT,2012,TRAFFIC SIGNAL CONDITION,47612
DOT,2012,TUNNEL CONDITION,3
DOT,2013,BIKE RACK CONDITION,134
DOT,2013,BRIDGE CONDITION,512
DOT,2013,BROKEN MUNI METER,34064
DOT,2013,BROKEN PARKING METER,145
DOT,2013,BUILDING CONDITION,5
DOT,2013,BUS STOP SHELTER COMPLAINT,1096
DOT,2013,BUS STOP SHELTER PLACEMENT,280
DOT,2013,CURB CONDITION,3098
DOT,2013,FERRY COMPLAINT,184
DOT,2013,FERRY INQUIRY,477
DOT,2013,FERRY PERMIT,36
DOT,2013,HIGHWAY CONDITION,2561
DOT,2013,HIGHWAY SIGN - DAMAGED,78
DOT,2013,HIGHWAY SIGN - DANGLING,20
DOT,2013,HIGHWAY SIGN - MISSING,56
DOT,2013,MUNICIPAL PARKING FACILITY,50
DOT,2013,PARKING CARD,51
DOT,2013,PUBLIC TOILET,44
DOT,2013,SIDEWALK CONDITION,17812
DOT,2013,SNW,1
DOT,2013,STREET CONDITION,74108
DOT,2013,STREET LIGHT CONDITION,92249
DOT,2013,STREET SIGN - DAMAGED,11043
DOT,2013,STREET SIGN - DANGLING,2274
DOT,2013,STREET SIGN - MISSING,5013
DOT,2013,TRAFFIC SIGNAL CONDITION,44566
DOT,2013,TUNNEL CONDITION,17
DOT,2014,BIKE RACK CONDITION,98
DOT,2014,BRIDGE CONDITION,754
DOT,2014,BROKEN MUNI METER,29463
DOT,2014,BROKEN PARKING METER,123
DOT,2014,BUILDING CONDITION,2
DOT,2014,BUS STOP SHELTER COMPLAINT,1392
DOT,2014,BUS STOP SHELTER PLACEMENT,217
DOT,2014,CURB CONDITION,3699
DOT,2014,FERRY COMPLAINT,202
DOT,2014,FERRY INQUIRY,535
DOT,2014,FERRY PERMIT,36
DOT,2014,HIGHWAY CONDITION,7943
DOT,2014,HIGHWAY SIGN - DAMAGED,105
DOT,2014,HIGHWAY SIGN - DANGLING,26
DOT,2014,HIGHWAY SIGN - MISSING,47
DOT,2014,MUNICIPAL PARKING FACILITY,86
DOT,2014,PARKING CARD,47
DOT,2014,PUBLIC TOILET,28
DOT,2014,SIDEWALK CONDITION,22774
DOT,2014,STREET CONDITION,114425
DOT,2014,STREET LIGHT CONDITION,94357
DOT,2014,STREET SIGN - DAMAGED,6872
DOT,2014,STREET SIGN - DANGLING,2107
DOT,2014,STREET SIGN - MISSING,5211
DOT,2014,TRAFFIC SIGNAL CONDITION,42380
DOT,2014,TUNNEL CONDITION,14
DOT,2015,BIKE RACK CONDITION,134
DOT,2015,BRIDGE CONDITION,498
DOT,2015,BROKEN MUNI METER,22894
DOT,2015,BROKEN PARKING METER,791
DOT,2015,BUILDING CONDITION,3
DOT,2015,BUS STOP SHELTER COMPLAINT,1333
DOT,2015,BUS STOP SHELTER PLACEMENT,198
DOT,2015,CURB CONDITION,4483
DOT,2015,FERRY COMPLAINT,296
DOT,2015,FERRY INQUIRY,477
DOT,2015,FERRY PERMIT,56
DOT,2015,HIGHWAY CONDITION,7012
DOT,2015,HIGHWAY SIGN - DAMAGED,74
DOT,2015,HIGHWAY SIGN - DANGLING,25
DOT,2015,HIGHWAY SIGN - MISSING,61
DOT,2015,MUNICIPAL PARKING FACILITY,98
DOT,2015,PARKING CARD,41
DOT,2015,PUBLIC TOILET,58
DOT,2015,SIDEWALK CONDITION,26795
DOT,2015,STREET CONDITION,124254
DOT,2015,STREET LIGHT CONDITION,98028
DOT,2015,STREET SIGN - DAMAGED,6185
DOT,2015,STREET SIGN - DANGLING,2261
DOT,2015,STREET SIGN - MISSING,5123
DOT,2015,TRAFFIC SIGNAL CONDITION,42230
DOT,2015,TUNNEL CONDITION,12
DOT,2016,BIKE RACK CONDITION,108
DOT,2016,BRIDGE CONDITION,337
DOT,2016,BROKEN MUNI METER,24232
DOT,2016,BROKEN PARKING METER,982
DOT,2016,BUILDING CONDITION,1
DOT,2016,BUS STOP SHELTER COMPLAINT,985
DOT,2016,BUS STOP SHELTER PLACEMENT,196
DOT,2016,CURB CONDITION,6247
DOT,2016,FERRY COMPLAINT,234
DOT,2016,FERRY INQUIRY,587
DOT,2016,FERRY PERMIT,78
DOT,2016,HIGHWAY CONDITION,3763
DOT,2016,HIGHWAY SIGN - DAMAGED,109
DOT,2016,HIGHWAY SIGN - DANGLING,33
DOT,2016,HIGHWAY SIGN - MISSING,39
DOT,2016,MUNICIPAL PARKING FACILITY,68
DOT,2016,PARKING CARD,19
DOT,2016,PUBLIC TOILET,38
DOT,2016,ROOT/SEWER/SIDEWALK CONDITION,1
DOT,2016,SIDEWALK CONDITION,26543
DOT,2016,STREET CONDITION,90349
DOT,2016,STREET LIGHT CONDITION,89091
DOT,2016,STREET SIGN - DAMAGED,8096
DOT,2016,STREET SIGN - DANGLING,2660
DOT,2016,STREET SIGN - MISSING,5572
DOT,2016,TRAFFIC SIGNAL CONDITION,37481
DOT,2016,TUNNEL CONDITION,14
DOT,2017,BIKE RACK CONDITION,105
DOT,2017,BRIDGE CONDITION,349
DOT,2017,BROKEN MUNI METER,9635
DOT,2017,BROKEN PARKING METER,1924
DOT,2017,BUILDING CONDITION,3
DOT,2017,BUS STOP SHELTER COMPLAINT,1186
DOT,2017,BUS STOP SHELTER PLACEMENT,234
DOT,2017,CURB CONDITION,6070
DOT,2017,FERRY COMPLAINT,293
DOT,2017,FERRY INQUIRY,561
DOT,2017,FERRY PERMIT,49
DOT,2017,HIGHWAY CONDITION,3347
DOT,2017,HIGHWAY SIGN - DAMAGED,129
DOT,2017,HIGHWAY SIGN - DANGLING,24
DOT,2017,HIGHWAY SIGN - MISSING,56
DOT,2017,MUNICIPAL PARKING FACILITY,88
DOT,2017,PARKING CARD,11
DOT,2017,PUBLIC TOILET,56
DOT,2017,SIDEWALK CONDITION,29107
DOT,2017,STREET CONDITION,93231
DOT,2017,STREET LIGHT CONDITION,84174
DOT,2017,STREET SIGN - DAMAGED,8237
DOT,2017,STREET SIGN - DANGLING,2644
DOT,2017,STREET SIGN - MISSING,6123
DOT,2017,TRAFFIC SIGNAL CONDITION,36121
DOT,2017,TUNNEL CONDITION,19
DOT,2018,BIKE RACK CONDITION,122
DOT,2018,BRIDGE CONDITION,419
DOT,2018,BROKEN PARKING METER,12877
DOT,2018,BUILDING CONDITION,2
DOT,2018,BUS STOP SHELTER COMPLAINT,1071
DOT,2018,BUS STOP SHELTER PLACEMENT,300
DOT,2018,CURB CONDITION,6832
DOT,2018,FERRY COMPLAINT,350
DOT,2018,FERRY INQUIRY,593
DOT,2018,FERRY PERMIT,42
DOT,2018,HIGHWAY CONDITION,3654
DOT,2018,HIGHWAY SIGN - DAMAGED,111
DOT,2018,HIGHWAY SIGN - DANGLING,29
DOT,2018,HIGHWAY SIGN - MISSING,52
DOT,2018,MUNICIPAL PARKING FACILITY,36
DOT,2018,PARKING CARD,9
DOT,2018,PUBLIC TOILET,44
DOT,2018,SIDEWALK CONDITION,29505
DOT,2018,SNW,2
DOT,2018,STREET CONDITION,104174
DOT,2018,STREET LIGHT CONDITION,76027
DOT,2018,STREET SIGN - DAMAGED,7091
DOT,2018,STREET SIGN - DANGLING,2757
DOT,2018,STREET SIGN - MISSING,5914
DOT,2018,TRAFFIC SIGNAL CONDITION,42587
DOT,2018,TUNNEL CONDITION,14
DOT,2019,BIKE RACK CONDITION,152
DOT,2019,BRIDGE CONDITION,300
DOT,2019,BROKEN PARKING METER,14566
DOT,2019,BUILDING CONDITION,2
DOT,2019,BUS STOP SHELTER COMPLAINT,928
DOT,2019,BUS STOP SHELTER PLACEMENT,181
DOT,2019,CURB CONDITION,7236
DOT,2019,DEP HIGHWAY CONDITION,1
DOT,2019,DEP SIDEWALK CONDITION,5
DOT,2019,DEP STREET CONDITION,289
DOT,2019,FERRY COMPLAINT,190
DOT,2019,FERRY INQUIRY,427
DOT,2019,FERRY PERMIT,44
DOT,2019,HIGHWAY CONDITION,3327
DOT,2019,HIGHWAY SIGN - DAMAGED,96
DOT,2019,HIGHWAY SIGN - DANGLING,28
DOT,2019,HIGHWAY SIGN - MISSING,50
DOT,2019,MUNICIPAL PARKING FACILITY,60
DOT,2019,PUBLIC TOILET,37
DOT,2019,SIDEWALK CONDITION,42537
DOT,2019,STREET CONDITION,88280
DOT,2019,STREET LIGHT CONDITION,67936
DOT,2019,STREET SIGN - DAMAGED,6219
DOT,2019,STREET SIGN - DANGLING,3362
DOT,2019,STREET SIGN - MISSING,5184
DOT,2019,TRAFFIC SIGNAL CONDITION,39866
DOT,2019,TUNNEL CONDITION,5
DOT,2019,WATER LEAK,1
DOT,2020,BIKE RACK CONDITION,140
DOT,2020,BRIDGE CONDITION,186
DOT,2020,BROKEN PARKING METER,8364
DOT,2020,BUILDING CONDITION,6
DOT,2020,BUS STOP SHELTER COMPLAINT,787
DOT,2020,BUS STOP SHELTER PLACEMENT,118
DOT,2020,CURB CONDITION,5116
DOT,2020,DEP SIDEWALK CONDITION,1
DOT,2020,DEP STREET CONDITION,63
DOT,2020,FERRY COMPLAINT,280
DOT,2020,FERRY INQUIRY,194
DOT,2020,FERRY PERMIT,5
DOT,2020,HIGHWAY CONDITION,2481
DOT,2020,HIGHWAY SIGN - DAMAGED,150
DOT,2020,HIGHWAY SIGN - DANGLING,40
DOT,2020,HIGHWAY SIGN - MISSING,58
DOT,2020,MUNICIPAL PARKING FACILITY,30
DOT,2020,OUTDOOR DINING,4092
DOT,2020,PUBLIC TOILET,30
DOT,2020,SIDEWALK CONDITION,27876
DOT,2020,SNW,1
DOT,2020,STREET CONDITION,52684
DOT,2020,STREET LIGHT CONDITION,64793
DOT,2020,STREET SIGN - DAMAGED,4722
DOT,2020,STREET SIGN - DANGLING,3723
DOT,2020,STREET SIGN - MISSING,4523
DOT,2020,TRAFFIC SIGNAL CONDITION,31857
DOT,2020,TUNNEL CONDITION,5
DOT,2021,BIKE RACK CONDITION,192
DOT,2021,BRIDGE CONDITION,251
DOT,2021,BROKEN PARKING METER,8999
DOT,2021,BUILDING CONDITION,7
DOT,2021,BUS STOP SHELTER COMPLAINT,971
DOT,2021,BUS STOP SHELTER PLACEMENT,104
DOT,2021,CURB CONDITION,5237
DOT,2021,DEP BRIDGE CONDITION,1
DOT,2021,DEP HIGHWAY CONDITION,7
DOT,2021,DEP SIDEWALK CONDITION,1
DOT,2021,DEP STREET CONDITION,44
DOT,2021,E-SCOOTER,133
DOT,2021,FERRY COMPLAINT,296
DOT,2021,FERRY INQUIRY,197
DOT,2021,HIGHWAY CONDITION,3322
DOT,2021,HIGHWAY SIGN - DAMAGED,93
DOT,2021,HIGHWAY SIGN - DANGLING,48
DOT,2021,HIGHWAY SIGN - MISSING,52
DOT,2021,MUNICIPAL PARKING FACILITY,49
DOT,2021,OUTDOOR DINING,3842
DOT,2021,PUBLIC TOILET,28
DOT,2021,SIDEWALK CONDITION,19802
DOT,2021,STREET CONDITION,65404
DOT,2021,STREET LIGHT CONDITION,48836
DOT,2021,STREET SIGN - DAMAGED,4540
DOT,2021,STREET SIGN - DANGLING,2976
DOT,2021,STREET SIGN - MISSING,4025
DOT,2021,TRAFFIC SIGNAL CONDITION,30041
DOT,2021,TUNNEL CONDITION,4
DPR,2012,ANIMAL IN A PARK,1614
DPR,2012,DAMAGED TREE,50394
DPR,2012,DEAD TREE,8679
DPR,2012,ILLEGAL TREE DAMAGE,1580
DPR,2012,MAINTENANCE OR FACILITY,8887
DPR,2012,NEW TREE REQUEST,9315
DPR,2012,OVERGROWN TREE/BRANCHES,14248
DPR,2012,ROOT/SEWER/SIDEWALK CONDITION,9562
DPR,2012,SCHOOL MAINTENANCE,1
DPR,2012,VIOLATION OF PARK RULES,1707
DPR,2013,ANIMAL IN A PARK,1479
DPR,2013,DAMAGED TREE,17733
DPR,2013,DEAD TREE,8693
DPR,2013,DPR INTERNAL,243
DPR,2013,ILLEGAL TREE DAMAGE,1999
DPR,2013,MAINTENANCE OR FACILITY,8410
DPR,2013,NEW TREE REQUEST,19230
DPR,2013,OVERGROWN TREE/BRANCHES,14134
DPR,2013,ROOT/SEWER/SIDEWALK CONDITION,9172
DPR,2013,VIOLATION OF PARK RULES,1317
DPR,2014,ANIMAL IN A PARK,1280
DPR,2014,DAMAGED TREE,19883
DPR,2014,DEAD TREE,10278
DPR,2014,DPR INTERNAL,1412
DPR,2014,ILLEGAL TREE DAMAGE,2384
DPR,2014,MAINTENANCE OR FACILITY,10276
DPR,2014,NEW TREE REQUEST,17946
DPR,2014,OVERGROWN TREE/BRANCHES,15792
DPR,2014,ROOT/SEWER/SIDEWALK CONDITION,9022
DPR,2014,VIOLATION OF PARK RULES,1906
DPR,2015,ANIMAL IN A PARK,1834
DPR,2015,DAMAGED TREE,17839
DPR,2015,DEAD TREE,10398
DPR,2015,DPR INTERNAL,1644
DPR,2015,ILLEGAL TREE DAMAGE,2592
DPR,2015,MAINTENANCE OR FACILITY,11765
DPR,2015,NEW TREE REQUEST,15086
DPR,2015,OVERGROWN TREE/BRANCHES,15154
DPR,2015,ROOT/SEWER/SIDEWALK CONDITION,9948
DPR,2015,VIOLATION OF PARK RULES,1861
DPR,2016,ANIMAL IN A PARK,1877
DPR,2016,DAMAGED TREE,23925
DPR,2016,DEAD TREE,344
DPR,2016,DEAD/DYING TREE,10210
DPR,2016,DPR INTERNAL,1840
DPR,2016,ILLEGAL TREE DAMAGE,2957
DPR,2016,MAINTENANCE OR FACILITY,14399
DPR,2016,NEW TREE REQUEST,18317
DPR,2016,NOISE - STREET/SIDEWALK,1
DPR,2016,OVERGROWN TREE/BRANCHES,12606
DPR,2016,ROOT/SEWER/SIDEWALK CONDITION,7992
DPR,2016,VIOLATION OF PARK RULES,2277
DPR,2017,ANIMAL IN A PARK,1815
DPR,2017,DAMAGED TREE,24478
DPR,2017,DEAD/DYING TREE,11226
DPR,2017,DPR INTERNAL,1723
DPR,2017,ILLEGAL TREE DAMAGE,3082
DPR,2017,MAINTENANCE OR FACILITY,14991
DPR,2017,NEW TREE REQUEST,16988
DPR,2017,OVERGROWN TREE/BRANCHES,14509
DPR,2017,ROOT/SEWER/SIDEWALK CONDITION,8676
DPR,2017,VIOLATION OF PARK RULES,2165
DPR,2018,ANIMAL IN A PARK,2288
DPR,2018,DAMAGED TREE,38510
DPR,2018,DEAD/DYING TREE,11429
DPR,2018,DPR INTERNAL,1738
DPR,2018,ILLEGAL TREE DAMAGE,3418
DPR,2018,MAINTENANCE OR FACILITY,15937
DPR,2018,NEW TREE REQUEST,20684
DPR,2018,OVERGROWN TREE/BRANCHES,15391
DPR,2018,ROOT/SEWER/SIDEWALK CONDITION,8444
DPR,2018,VIOLATION OF PARK RULES,2385
DPR,2019,ANIMAL IN A PARK,2276
DPR,2019,DAMAGED TREE,26256
DPR,2019,DEAD/DYING TREE,10001
DPR,2019,DPR INTERNAL,676
DPR,2019,ILLEGAL TREE DAMAGE,3506
DPR,2019,MAINTENANCE OR FACILITY,15209
DPR,2019,NEW TREE REQUEST,17444
DPR,2019,OVERGROWN TREE/BRANCHES,14455
DPR,2019,ROOT/SEWER/SIDEWALK CONDITION,9990
DPR,2019,UNSANITARY CONDITION,1
DPR,2019,VIOLATION OF PARK RULES,2974
DPR,2020,ANIMAL IN A PARK,2689
DPR,2020,DAMAGED TREE,73051
DPR,2020,DEAD/DYING TREE,9140
DPR,2020,ILLEGAL TREE DAMAGE,3511
DPR,2020,MAINTENANCE OR FACILITY,15415
DPR,2020,NEW TREE REQUEST,14088
DPR,2020,OVERGROWN TREE/BRANCHES,17585
DPR,2020,ROOT/SEWER/SIDEWALK CONDITION,8513
DPR,2020,UPROOTED STUMP,43
DPR,2020,VIOLATION OF PARK RULES,7159
DPR,2020,WOOD PILE REMAINING,52
DPR,2021,ANIMAL IN A PARK,3227
DPR,2021,DAMAGED TREE,24225
DPR,2021,DEAD/DYING TREE,8472
DPR,2021,ILLEGAL TREE DAMAGE,3216
DPR,2021,MAINTENANCE OR FACILITY,16350
DPR,2021,NEW TREE REQUEST,14495
DPR,2021,OVERGROWN TREE/BRANCHES,16236
DPR,2021,ROOT/SEWER/SIDEWALK CONDITION,8270
DPR,2021,UPROOTED STUMP,577
DPR,2021,VIOLATION OF PARK RULES,3803
DPR,2021,WOOD PILE REMAINING,581
DSNY,2012,ADOPT-A-BASKET,41
DSNY,2012,COLLECTION TRUCK NOISE,175
DSNY,2012,DERELICT BICYCLE,811
DSNY,2012,DERELICT VEHICLES,10346
DSNY,2012,DIRTY CONDITIONS,33605
DSNY,2012,GRAFFITI,15771
DSNY,2012,LITTER BASKET / REQUEST,2381
DSNY,2012,MISSED COLLECTION (ALL MATERIALS),13488
DSNY,2012,OTHER ENFORCEMENT,4469
DSNY,2012,OVERFLOWING LITTER BASKETS,1163
DSNY,2012,RECYCLING ENFORCEMENT,931
DSNY,2012,SANITATION CONDITION,24402
DSNY,2012,SNOW,560
DSNY,2012,STANDPIPE - MECHANICAL,6
DSNY,2012,SWEEPING/MISSED-INADEQUATE,1334
DSNY,2012,VACANT LOT,2272
DSNY,2013,ADOPT-A-BASKET,53
DSNY,2013,COLLECTION TRUCK NOISE,136
DSNY,2013,DERELICT BICYCLE,766
DSNY,2013,DERELICT VEHICLES,11767
DSNY,2013,DIRTY CONDITIONS,33154
DSNY,2013,GRAFFITI,13169
DSNY,2013,LITTER BASKET / REQUEST,2686
DSNY,2013,MISSED COLLECTION (ALL MATERIALS),16541
DSNY,2013,OTHER ENFORCEMENT,5161
DSNY,2013,OVERFLOWING LITTER BASKETS,1225
DSNY,2013,RECYCLING ENFORCEMENT,834
DSNY,2013,SANITATION CONDITION,24841
DSNY,2013,SNOW,2448
DSNY,2013,SWEEPING/MISSED-INADEQUATE,1437
DSNY,2013,VACANT LOT,2460
DSNY,2014,ADOPT-A-BASKET,33
DSNY,2014,COLLECTION TRUCK NOISE,185
DSNY,2014,DERELICT BICYCLE,1211
DSNY,2014,DERELICT VEHICLES,12602
DSNY,2014,DIRTY CONDITIONS,32585
DSNY,2014,GRAFFITI,15833
DSNY,2014,LITTER BASKET / REQUEST,2913
DSNY,2014,MISSED COLLECTION (ALL MATERIALS),21521
DSNY,2014,OTHER ENFORCEMENT,5541
DSNY,2014,OVERFLOWING LITTER BASKETS,1086
DSNY,2014,OVERFLOWING RECYCLING BASKETS,55
DSNY,2014,RECYCLING ENFORCEMENT,788
DSNY,2014,REQUEST XMAS TREE COLLECTION,674
DSNY,2014,SANITATION CONDITION,27094
DSNY,2014,SNOW,14753
DSNY,2014,SWEEPING/INADEQUATE,474
DSNY,2014,SWEEPING/MISSED,1564
DSNY,2014,VACANT LOT,2047
DSNY,2015,ADOPT-A-BASKET,61
DSNY,2015,COLLECTION TRUCK NOISE,193
DSNY,2015,DERELICT BICYCLE,1278
DSNY,2015,DERELICT VEHICLES,18897
DSNY,2015,DIRTY CONDITIONS,34337
DSNY,2015,FOAM BAN ENFORCEMENT,16
DSNY,2015,GRAFFITI,13526
DSNY,2015,LITTER BASKET / REQUEST,2612
DSNY,2015,MISSED COLLECTION (ALL MATERIALS),25176
DSNY,2015,OTHER ENFORCEMENT,6491
DSNY,2015,OVERFLOWING LITTER BASKETS,1560
DSNY,2015,OVERFLOWING RECYCLING BASKETS,38
DSNY,2015,RECYCLING ENFORCEMENT,985
DSNY,2015,SANITATION CONDITION,32394
DSNY,2015,SNOW,13002
DSNY,2015,SWEEPING/INADEQUATE,425
DSNY,2015,SWEEPING/MISSED,1343
DSNY,2015,VACANT LOT,2026
DSNY,2016,ADOPT-A-BASKET,145
DSNY,2016,COLLECTION TRUCK NOISE,203
DSNY,2016,DERELICT BICYCLE,1768
DSNY,2016,DERELICT VEHICLES,28059
DSNY,2016,DIRTY CONDITIONS,33901
DSNY,2016,ELECTRONICS WASTE,3533
DSNY,2016,GRAFFITI,12486
DSNY,2016,LITTER BASKET / REQUEST,2662
DSNY,2016,MISSED COLLECTION (ALL MATERIALS),30196
DSNY,2016,OTHER ENFORCEMENT,7204
DSNY,2016,OVERFLOWING LITTER BASKETS,1144
DSNY,2016,OVERFLOWING RECYCLING BASKETS,32
DSNY,2016,RECYCLING ENFORCEMENT,649
DSNY,2016,REQUEST XMAS TREE COLLECTION,3
DSNY,2016,SANITATION CONDITION,34937
DSNY,2016,SNOW,5484
DSNY,2016,SWEEPING/INADEQUATE,260
DSNY,2016,SWEEPING/MISSED,705
DSNY,2016,SWEEPING/MISSED-INADEQUATE,30
DSNY,2016,VACANT LOT,2161
DSNY,2017,ADOPT-A-BASKET,137
DSNY,2017,COLLECTION TRUCK NOISE,236
DSNY,2017,DERELICT BICYCLE,1952
DSNY,2017,DERELICT VEHICLES,33553
DSNY,2017,DIRTY CONDITIONS,35871
DSNY,2017,ELECTRONICS WASTE,13453
DSNY,2017,ELECTRONICS WASTE APPOINTMENT,104
DSNY,2017,GRAFFITI,19206
DSNY,2017,LITTER BASKET / REQUEST,2942
DSNY,2017,MISSED COLLECTION (ALL MATERIALS),36159
DSNY,2017,OTHER ENFORCEMENT,7984
DSNY,2017,OVERFLOWING LITTER BASKETS,1084
DSNY,2017,OVERFLOWING RECYCLING BASKETS,22
DSNY,2017,RECYCLING ENFORCEMENT,842
DSNY,2017,REQUEST LARGE BULKY ITEM COLLECTION,46481
DSNY,2017,REQUEST XMAS TREE COLLECTION,1301
DSNY,2017,SANITATION CONDITION,38916
DSNY,2017,SNOW,11731
DSNY,2017,SWEEPING/INADEQUATE,300
DSNY,2017,SWEEPING/MISSED,973
DSNY,2017,SWEEPING/MISSED-INADEQUATE,30
DSNY,2017,VACANT LOT,2304
DSNY,2018,ADOPT-A-BASKET,41
DSNY,2018,COLLECTION TRUCK NOISE,171
DSNY,2018,DERELICT BICYCLE,2584
DSNY,2018,DERELICT VEHICLES,36402
DSNY,2018,DIRTY CONDITIONS,38958
DSNY,2018,ELECTRONICS WASTE,9455
DSNY,2018,ELECTRONICS WASTE APPOINTMENT,13606
DSNY,2018,GRAFFITI,20987
DSNY,2018,LITTER BASKET / REQUEST,3241
DSNY,2018,MISSED COLLECTION (ALL MATERIALS),40793
DSNY,2018,OTHER ENFORCEMENT,8596
DSNY,2018,OVERFLOWING LITTER BASKETS,944
DSNY,2018,OVERFLOWING RECYCLING BASKETS,15
DSNY,2018,RECYCLING ENFORCEMENT,729
DSNY,2018,REQUEST LARGE BULKY ITEM COLLECTION,179875
DSNY,2018,REQUEST XMAS TREE COLLECTION,5
DSNY,2018,SANITATION CONDITION,43711
DSNY,2018,SNOW,4593
DSNY,2018,SWEEPING/INADEQUATE,330
DSNY,2018,SWEEPING/MISSED,1186
DSNY,2018,SWEEPING/MISSED-INADEQUATE,30
DSNY,2018,VACANT LOT,2179
DSNY,2019,ADOPT-A-BASKET,2
DSNY,2019,COLLECTION TRUCK NOISE,131
DSNY,2019,DERELICT BICYCLE,2243
DSNY,2019,DERELICT VEHICLES,32760
DSNY,2019,DIRTY CONDITION,3
DSNY,2019,DIRTY CONDITIONS,28631
DSNY,2019,DSNY SPILLAGE,2
DSNY,2019,ELECTRONICS WASTE,4
DSNY,2019,ELECTRONICS WASTE APPOINTMENT,18808
DSNY,2019,EMPLOYEE BEHAVIOR,3
DSNY,2019,FOAM BAN ENFORCEMENT,32
DSNY,2019,GRAFFITI,22112
DSNY,2019,LITTER BASKET / REQUEST,1333
DSNY,2019,MISSED COLLECTION,345
DSNY,2019,MISSED COLLECTION (ALL MATERIALS),36906
DSNY,2019,OTHER ENFORCEMENT,4060
DSNY,2019,OVERFLOWING LITTER BASKETS,460
DSNY,2019,OVERFLOWING RECYCLING BASKETS,3
DSNY,2019,RECYCLING ENFORCEMENT,495
DSNY,2019,REQUEST LARGE BULKY ITEM COLLECTION,99538
DSNY,2019,REQUEST XMAS TREE COLLECTION,3
DSNY,2019,SANITATION CONDITION,21502
DSNY,2019,SNOW,1862
DSNY,2019,SNOW REMOVAL,59
DSNY,2019,SWEEPING/INADEQUATE,130
DSNY,2019,SWEEPING/MISSED,304
DSNY,2019,SWEEPING/MISSED-INADEQUATE,30
DSNY,2019,VACANT LOT,860
DSNY,2020,COLLECTION TRUCK NOISE,2
DSNY,2020,DERELICT BICYCLE,1577
DSNY,2020,DERELICT VEHICLES,31083
DSNY,2020,DIRTY CONDITIONS,27788
DSNY,2020,DSNY SPILLAGE,4
DSNY,2020,EMPLOYEE BEHAVIOR,4
DSNY,2020,GRAFFITI,4668
DSNY,2020,LITTER BASKET / REQUEST,3
DSNY,2020,MISSED COLLECTION (ALL MATERIALS),40848
DSNY,2020,OTHER ENFORCEMENT,914
DSNY,2020,OVERFLOWING LITTER BASKETS,10
DSNY,2020,RECYCLING ENFORCEMENT,240
DSNY,2020,SANITATION CONDITION,2718
DSNY,2020,SNOW,3191
DSNY,2020,SNOW REMOVAL,764
DSNY,2020,SWEEPING/INADEQUATE,1
DSNY,2020,SWEEPING/MISSED,2
DSNY,2020,VACANT LOT,86
DSNY,2021,ABANDONED BIKE,316
DSNY,2021,ADOPT-A-BASKET,1
DSNY,2021,CHANGE COLLECTION SCHEDULE,1
DSNY,2021,COLLECTION TRUCK NOISE,1
DSNY,2021,COMMERCIAL DISPOSAL COMPLAINT,95
DSNY,2021,DEAD ANIMAL,1615
DSNY,2021,DERELICT BICYCLE,1315
DSNY,2021,DERELICT VEHICLES,37108
DSNY,2021,DIRTY CONDITION,7624
DSNY,2021,DIRTY CONDITIONS,33038
DSNY,2021,DSNY INTERNAL,3
DSNY,2021,DSNY SPILLAGE,1
DSNY,2021,DUMPSTER COMPLAINT,240
DSNY,2021,GRAFFITI,3032
DSNY,2021,ILLEGAL DUMPING,3087
DSNY,2021,ILLEGAL POSTING,365
DSNY,2021,INCORRECT DATA,56
DSNY,2021,INSTITUTION DISPOSAL COMPLAINT,21
DSNY,2021,LITTER BASKET / REQUEST,19
DSNY,2021,LITTER BASKET COMPLAINT,414
DSNY,2021,LITTER BASKET REQUEST,544
DSNY,2021,LOT CONDITION,271
DSNY,2021,MISSED COLLECTION,23954
DSNY,2021,MISSED COLLECTION (ALL MATERIALS),40875
DSNY,2021,OBSTRUCTION,937
DSNY,2021,OTHER ENFORCEMENT,706
DSNY,2021,OVERFLOWING LITTER BASKETS,11
DSNY,2021,RECYCLING BASKET COMPLAINT,1
DSNY,2021,RECYCLING ENFORCEMENT,197
DSNY,2021,RESIDENTIAL DISPOSAL COMPLAINT,1278
DSNY,2021,RETAILER COMPLAINT,2
DSNY,2021,SANITATION CONDITION,2709
DSNY,2021,SANITATION WORKER OR VEHICLE COMPLAINT,356
DSNY,2021,SNOW,6190
DSNY,2021,SNOW OR ICE,3
DSNY,2021,SNOW REMOVAL,1983
DSNY,2021,STORM,3005
DSNY,2021,STREET SWEEPING COMPLAINT,760
DSNY,2021,SWEEPING/INADEQUATE,9
DSNY,2021,SWEEPING/MISSED,1
DSNY,2021,TRANSFER STATION COMPLAINT,8
DSNY,2021,VACANT LOT,92
HPD,2012,APPLIANCE,5981
HPD,2012,CONSTRUCTION,1064
HPD,2012,ELECTRIC,35398
HPD,2012,GENERAL,4
HPD,2012,GENERAL CONSTRUCTION,112436
HPD,2012,HEATING,182974
HPD,2012,HPD LITERATURE REQUEST,5443
HPD,2012,NONCONST,60055
HPD,2012,PAINT - PLASTER,77286
HPD,2012,PAINT/PLASTER,2
HPD,2012,PLUMBING,87561
HPD,2013,APPLIANCE,5525
HPD,2013,CONSTRUCTION,1033
HPD,2013,ELECTRIC,35101
HPD,2013,GENERAL,1282
HPD,2013,GENERAL CONSTRUCTION,112169
HPD,2013,HEATING,202896
HPD,2013,HPD LITERATURE REQUEST,4173
HPD,2013,NONCONST,53831
HPD,2013,PAINT - PLASTER,77957
HPD,2013,PAINT/PLASTER,891
HPD,2013,PLUMBING,86563
HPD,2013,STRUCTURAL,16
HPD,2014,AGENCY,2
HPD,2014,APPLIANCE,10335
HPD,2014,CONSTRUCTION,264
HPD,2014,DOOR/WINDOW,28925
HPD,2014,ELECTRIC,30402
HPD,2014,ELEVATOR,709
HPD,2014,FLOORING/STAIRS,21113
HPD,2014,GENERAL,26219
HPD,2014,GENERAL CONSTRUCTION,15885
HPD,2014,HEAT/HOT WATER,132767
HPD,2014,HEATING,97597
HPD,2014,HPD LITERATURE REQUEST,1868
HPD,2014,NONCONST,8938
HPD,2014,OUTSIDE BUILDING,1411
HPD,2014,PAINT - PLASTER,12116
HPD,2014,PAINT/PLASTER,63503
HPD,2014,PLUMBING,63220
HPD,2014,SAFETY,7461
HPD,2014,UNSANITARY CONDITION,61784
HPD,2014,VACANT APARTMENT,2
HPD,2014,WATER LEAK,28928
HPD,2015,AGENCY,1
HPD,2015,APPLIANCE,11221
HPD,2015,DOOR/WINDOW,39926
HPD,2015,ELECTRIC,30089
HPD,2015,ELEVATOR,1094
HPD,2015,FLOORING/STAIRS,27746
HPD,2015,GENERAL,26718
HPD,2015,HEAT/HOT WATER,225084
HPD,2015,HPD LITERATURE REQUEST,13344
HPD,2015,OUTSIDE BUILDING,1681
HPD,2015,PAINT/PLASTER,69571
HPD,2015,PLUMBING,55297
HPD,2015,SAFETY,9835
HPD,2015,UNSANITARY CONDITION,82740
HPD,2015,VACANT APARTMENT,2
HPD,2015,WATER LEAK,35484
HPD,2016,AGENCY,2
HPD,2016,APPLIANCE,12885
HPD,2016,DOOR/WINDOW,37494
HPD,2016,ELECTRIC,27955
HPD,2016,ELEVATOR,965
HPD,2016,FLOORING/STAIRS,24795
HPD,2016,GENERAL,26776
HPD,2016,HEAT/HOT WATER,227076
HPD,2016,HPD LITERATURE REQUEST,4737
HPD,2016,OUTSIDE BUILDING,1096
HPD,2016,PAINT/PLASTER,60260
HPD,2016,PLUMBING,52514
HPD,2016,SAFETY,8553
HPD,2016,UNSANITARY CONDITION,80368
HPD,2016,VACANT APARTMENT,2
HPD,2016,WATER LEAK,31912
HPD,2017,AGENCY,3
HPD,2017,APPLIANCE,12582
HPD,2017,DOOR/WINDOW,34950
HPD,2017,ELECTRIC,25873
HPD,2017,ELEVATOR,1274
HPD,2017,FLOORING/STAIRS,23909
HPD,2017,GENERAL,24934
HPD,2017,HEAT/HOT WATER,210757
HPD,2017,HPD LITERATURE REQUEST,3836
HPD,2017,OUTSIDE BUILDING,1272
HPD,2017,PAINT/PLASTER,57023
HPD,2017,PLUMBING,49835
HPD,2017,SAFETY,8635
HPD,2017,UNSANITARY CONDITION,79183
HPD,2017,VACANT APARTMENT,2
HPD,2017,WATER LEAK,32111
HPD,2018,AGENCY,1
HPD,2018,APPLIANCE,14691
HPD,2018,DOOR/WINDOW,38001
HPD,2018,ELECTRIC,27480
HPD,2018,ELEVATOR,1566
HPD,2018,FLOORING/STAIRS,25130
HPD,2018,GENERAL,26183
HPD,2018,HEAT/HOT WATER,223109
HPD,2018,HPD LITERATURE REQUEST,3255
HPD,2018,OUTSIDE BUILDING,1065
HPD,2018,PAINT/PLASTER,59382
HPD,2018,PLUMBING,53213
HPD,2018,SAFETY,9536
HPD,2018,UNSANITARY CONDITION,86418
HPD,2018,WATER LEAK,39149
HPD,2019,APPLIANCE,9530
HPD,2019,DOOR/WINDOW,23481
HPD,2019,ELECTRIC,15649
HPD,2019,ELEVATOR,946
HPD,2019,FLOORING/STAIRS,13672
HPD,2019,GENERAL,18283
HPD,2019,HEAT/HOT WATER,209225
HPD,2019,HPD LITERATURE REQUEST,1226
HPD,2019,MOLD,1
HPD,2019,OUTSIDE BUILDING,545
HPD,2019,PAINT/PLASTER,32974
HPD,2019,PLUMBING,33951
HPD,2019,SAFETY,7193
HPD,2019,UNSANITARY CONDITION,59047
HPD,2019,WATER LEAK,23256
HPD,2020,APPLIANCE,13754
HPD,2020,DOOR/WINDOW,24376
HPD,2020,ELECTRIC,17477
HPD,2020,ELEVATOR,1253
HPD,2020,FLOORING/STAIRS,14378
HPD,2020,GENERAL,18051
HPD,2020,HEAT/HOT WATER,164071
HPD,2020,OUTSIDE BUILDING,518
HPD,2020,PAINT/PLASTER,32978
HPD,2020,PLUMBING,37047
HPD,2020,SAFETY,5970
HPD,2020,UNSANITARY CONDITION,61964
HPD,2020,WATER LEAK,21746
HPD,2021,APPLIANCE,11620
HPD,2021,DOOR/WINDOW,22259
HPD,2021,ELECTRIC,15206
HPD,2021,ELEVATOR,1270
HPD,2021,FLOORING/STAIRS,12747
HPD,2021,GENERAL,16505
HPD,2021,HEAT/HOT WATER,139913
HPD,2021,OUTSIDE BUILDING,679
HPD,2021,PAINT/PLASTER,29081
HPD,2021,PLUMBING,32812
HPD,2021,SAFETY,5094
HPD,2021,UNSANITARY CONDITION,57568
HPD,2021,WATER LEAK,25667
NYPD,2012,BIKE/ROLLER/SKATE CHRONIC,348
NYPD,2012,BLOCKED DRIVEWAY,50645
NYPD,2012,DERELICT VEHICLE,10529
NYPD,2012,DISORDERLY YOUTH,625
NYPD,2012,DRINKING,1177
NYPD,2012,GRAFFITI,209
NYPD,2012,HOMELESS ENCAMPMENT,2182
NYPD,2012,ILLEGAL FIREWORKS,228
NYPD,2012,ILLEGAL PARKING,31934
NYPD,2012,NOISE - COMMERCIAL,20557
NYPD,2012,NOISE - HOUSE OF WORSHIP,1001
NYPD,2012,NOISE - PARK,2888
NYPD,2012,NOISE - RESIDENTIAL,127524
NYPD,2012,NOISE - STREET/SIDEWALK,19405
NYPD,2012,NOISE - VEHICLE,13645
NYPD,2012,NON-EMERGENCY POLICE MATTER,3894
NYPD,2012,PANHANDLING,155
NYPD,2012,POSTING ADVERTISEMENT,166
NYPD,2012,SQUEEGEE,5
NYPD,2012,TRAFFIC,2871
NYPD,2012,URINATING IN PUBLIC,374
NYPD,2012,VENDING,3691
NYPD,2013,ANIMAL ABUSE,800
NYPD,2013,BIKE/ROLLER/SKATE CHRONIC,489
NYPD,2013,BLOCKED DRIVEWAY,57198
NYPD,2013,DERELICT VEHICLE,11703
NYPD,2013,DISORDERLY YOUTH,514
NYPD,2013,DRINKING,1331
NYPD,2013,GRAFFITI,249
NYPD,2013,HOMELESS ENCAMPMENT,2469
NYPD,2013,ILLEGAL FIREWORKS,178
NYPD,2013,ILLEGAL PARKING,44018
NYPD,2013,NOISE - COMMERCIAL,26466
NYPD,2013,NOISE - HOUSE OF WORSHIP,990
NYPD,2013,NOISE - PARK,2938
NYPD,2013,NOISE - RESIDENTIAL,151093
NYPD,2013,NOISE - STREET/SIDEWALK,24590
NYPD,2013,NOISE - VEHICLE,12757
NYPD,2013,NON-EMERGENCY POLICE MATTER,4648
NYPD,2013,PANHANDLING,188
NYPD,2013,POSTING ADVERTISEMENT,106
NYPD,2013,SQUEEGEE,2
NYPD,2013,TRAFFIC,2798
NYPD,2013,URINATING IN PUBLIC,375
NYPD,2013,VENDING,3294
NYPD,2014,ANIMAL ABUSE,9126
NYPD,2014,BIKE/ROLLER/SKATE CHRONIC,432
NYPD,2014,BLOCKED DRIVEWAY,78918
NYPD,2014,DERELICT VEHICLE,15164
NYPD,2014,DISORDERLY YOUTH,517
NYPD,2014,DRINKING,1124
NYPD,2014,GRAFFITI,236
NYPD,2014,HOMELESS ENCAMPMENT,3013
NYPD,2014,ILLEGAL FIREWORKS,223
NYPD,2014,ILLEGAL PARKING,63102
NYPD,2014,NOISE - COMMERCIAL,37244
NYPD,2014,NOISE - HOUSE OF WORSHIP,1018
NYPD,2014,NOISE - PARK,3832
NYPD,2014,NOISE - RESIDENTIAL,192099
NYPD,2014,NOISE - STREET/SIDEWALK,35456
NYPD,2014,NOISE - VEHICLE,15132
NYPD,2014,NON-EMERGENCY POLICE MATTER,6744
NYPD,2014,PANHANDLING,146
NYPD,2014,POSTING ADVERTISEMENT,120
NYPD,2014,SIDEWALK CONDITION,1
NYPD,2014,SQUEEGEE,2
NYPD,2014,TRAFFIC,3808
NYPD,2014,URINATING IN PUBLIC,417
NYPD,2014,VENDING,3205
NYPD,2015,ANIMAL ABUSE,10522
NYPD,2015,ANIMAL IN A PARK,1
NYPD,2015,BIKE/ROLLER/SKATE CHRONIC,477
NYPD,2015,BLOCKED DRIVEWAY,100569
NYPD,2015,DERELICT VEHICLE,21614
NYPD,2015,DISORDERLY YOUTH,315
NYPD,2015,DRINKING,1404
NYPD,2015,FERRY COMPLAINT,2
NYPD,2015,GRAFFITI,157
NYPD,2015,HOMELESS ENCAMPMENT,4869
NYPD,2015,ILLEGAL FIREWORKS,172
NYPD,2015,ILLEGAL PARKING,92434
NYPD,2015,NOISE - COMMERCIAL,43995
NYPD,2015,NOISE - HOUSE OF WORSHIP,1067
NYPD,2015,NOISE - PARK,4107
NYPD,2015,NOISE - RESIDENTIAL,207390
NYPD,2015,NOISE - STREET/SIDEWALK,51631
NYPD,2015,NOISE - VEHICLE,19330
NYPD,2015,NON-EMERGENCY POLICE MATTER,7491
NYPD,2015,PANHANDLING,326
NYPD,2015,POSTING ADVERTISEMENT,676
NYPD,2015,SIDEWALK CONDITION,3
NYPD,2015,SQUEEGEE,4
NYPD,2015,TRAFFIC,5192
NYPD,2015,URINATING IN PUBLIC,639
NYPD,2015,VENDING,4167
NYPD,2016,ANIMAL ABUSE,10054
NYPD,2016,BIKE/ROLLER/SKATE CHRONIC,351
NYPD,2016,BLOCKED DRIVEWAY,118645
NYPD,2016,DEAD/DYING TREE,1
NYPD,2016,DERELICT VEHICLE,29060
NYPD,2016,DISORDERLY YOUTH,232
NYPD,2016,DRINKING,1531
NYPD,2016,DRUG ACTIVITY,365
NYPD,2016,FERRY PERMIT,1
NYPD,2016,GRAFFITI,92
NYPD,2016,HOMELESS ENCAMPMENT,5174
NYPD,2016,ILLEGAL FIREWORKS,209
NYPD,2016,ILLEGAL PARKING,122207
NYPD,2016,MAINTENANCE OR FACILITY,2
NYPD,2016,NOISE - COMMERCIAL,48874
NYPD,2016,NOISE - HOUSE OF WORSHIP,920
NYPD,2016,NOISE - PARK,3884
NYPD,2016,NOISE - RESIDENTIAL,221179
NYPD,2016,NOISE - STREET/SIDEWALK,61104
NYPD,2016,NOISE - VEHICLE,23831
NYPD,2016,NON-EMERGENCY POLICE MATTER,9197
NYPD,2016,PANHANDLING,470
NYPD,2016,POSTING ADVERTISEMENT,1100
NYPD,2016,SIDEWALK CONDITION,1
NYPD,2016,SQUEEGEE,5
NYPD,2016,STREET CONDITION,1
NYPD,2016,TRAFFIC,5626
NYPD,2016,URINATING IN PUBLIC,476
NYPD,2016,VENDING,4690
NYPD,2017,ANIMAL ABUSE,9165
NYPD,2017,BIKE/ROLLER/SKATE CHRONIC,420
NYPD,2017,BLOCKED DRIVEWAY,135793
NYPD,2017,BROKEN PARKING METER,3
NYPD,2017,BUS STOP SHELTER COMPLAINT,1
NYPD,2017,DERELICT VEHICLE,34991
NYPD,2017,DISORDERLY YOUTH,160
NYPD,2017,DRINKING,1504
NYPD,2017,DRUG ACTIVITY,2134
NYPD,2017,FERRY COMPLAINT,1
NYPD,2017,FERRY PERMIT,4
NYPD,2017,GRAFFITI,134
NYPD,2017,HOMELESS ENCAMPMENT,4944
NYPD,2017,ILLEGAL FIREWORKS,245
NYPD,2017,ILLEGAL PARKING,146001
NYPD,2017,MAINTENANCE OR FACILITY,2
NYPD,2017,NEW TREE REQUEST,1
NYPD,2017,NOISE - COMMERCIAL,47287
NYPD,2017,NOISE - HOUSE OF WORSHIP,904
NYPD,2017,NOISE - PARK,4676
NYPD,2017,NOISE - RESIDENTIAL,229470
NYPD,2017,NOISE - STREET/SIDEWALK,73084
NYPD,2017,NOISE - VEHICLE,29402
NYPD,2017,NON-EMERGENCY POLICE MATTER,10012
NYPD,2017,PANHANDLING,679
NYPD,2017,POSTING ADVERTISEMENT,138
NYPD,2017,SIDEWALK CONDITION,4
NYPD,2017,SQUEEGEE,2
NYPD,2017,STREET CONDITION,5
NYPD,2017,TRAFFIC,5594
NYPD,2017,URINATING IN PUBLIC,519
NYPD,2017,VENDING,5119
NYPD,2018,ABANDONED VEHICLE,42
NYPD,2018,ANIMAL ABUSE,8679
NYPD,2018,ANIMAL-ABUSE,8
NYPD,2018,BIKE/ROLLER/SKATE CHRONIC,451
NYPD,2018,BLOCKED DRIVEWAY,136760
NYPD,2018,DERELICT VEHICLE,39264
NYPD,2018,DISORDERLY YOUTH,77
NYPD,2018,DRINKING,1552
NYPD,2018,DRUG ACTIVITY,1985
NYPD,2018,GRAFFITI,90
NYPD,2018,HOMELESS ENCAMPMENT,4635
NYPD,2018,ILLEGAL FIREWORKS,251
NYPD,2018,ILLEGAL PARKING,162976
NYPD,2018,MAINTENANCE OR FACILITY,1
NYPD,2018,NOISE - COMMERCIAL,44686
NYPD,2018,NOISE - HOUSE OF WORSHIP,753
NYPD,2018,NOISE - PARK,4237
NYPD,2018,NOISE - RESIDENTIAL,217199
NYPD,2018,NOISE - STREET/SIDEWALK,74101
NYPD,2018,NOISE - VEHICLE,33902
NYPD,2018,NON-EMERGENCY POLICE MATTER,8311
NYPD,2018,PANHANDLING,431
NYPD,2018,POSTING ADVERTISEMENT,151
NYPD,2018,SIDEWALK CONDITION,2
NYPD,2018,SQUEEGEE,1
NYPD,2018,TRAFFIC,4734
NYPD,2018,URINATING IN PUBLIC,507
NYPD,2018,VENDING,4702
NYPD,2019,ABANDONED VEHICLE,24070
NYPD,2019,ANIMAL ABUSE,3721
NYPD,2019,ANIMAL-ABUSE,4185
NYPD,2019,BIKE/ROLLER/SKATE CHRONIC,678
NYPD,2019,BLOCKED DRIVEWAY,137307
NYPD,2019,DERELICT VEHICLE,17777
NYPD,2019,DISORDERLY YOUTH,96
NYPD,2019,DRINKING,1675
NYPD,2019,DRUG ACTIVITY,2574
NYPD,2019,GRAFFITI,526
NYPD,2019,HOMELESS ENCAMPMENT,7043
NYPD,2019,ILLEGAL FIREWORKS,914
NYPD,2019,ILLEGAL PARKING,197892
NYPD,2019,NOISE - COMMERCIAL,40433
NYPD,2019,NOISE - HOUSE OF WORSHIP,755
NYPD,2019,NOISE - PARK,4014
NYPD,2019,NOISE - RESIDENTIAL,232162
NYPD,2019,NOISE - STREET/SIDEWALK,97822
NYPD,2019,NOISE - VEHICLE,43006
NYPD,2019,NON-EMERGENCY POLICE MATTER,10072
NYPD,2019,PANHANDLING,1920
NYPD,2019,POSTING ADVERTISEMENT,110
NYPD,2019,SQUEEGEE,8
NYPD,2019,TRAFFIC,4655
NYPD,2019,URINATING IN PUBLIC,609
NYPD,2019,VENDING,4848
NYPD,2020,ABANDONED VEHICLE,33668
NYPD,2020,ANIMAL-ABUSE,6884
NYPD,2020,BIKE/ROLLER/SKATE CHRONIC,809
NYPD,2020,BLOCKED DRIVEWAY,116377
NYPD,2020,DISORDERLY YOUTH,112
NYPD,2020,DRINKING,3223
NYPD,2020,DRUG ACTIVITY,4380
NYPD,2020,ENCAMPMENT,303
NYPD,2020,GRAFFITI,2242
NYPD,2020,HOMELESS ENCAMPMENT,193
NYPD,2020,HOMELESS STREET CONDITION,14186
NYPD,2020,ILLEGAL FIREWORKS,49402
NYPD,2020,ILLEGAL PARKING,193721
NYPD,2020,MASS GATHERING COMPLAINT,568
NYPD,2020,NOISE - COMMERCIAL,43722
NYPD,2020,NOISE - HOUSE OF WORSHIP,618
NYPD,2020,NOISE - PARK,7622
NYPD,2020,NOISE - RESIDENTIAL,406050
NYPD,2020,NOISE - STREET/SIDEWALK,206541
NYPD,2020,NOISE - VEHICLE,81074
NYPD,2020,NON-EMERGENCY POLICE MATTER,83914
NYPD,2020,NONCOMPLIANCE WITH PHASED REOPENING,246
NYPD,2020,PANHANDLING,1465
NYPD,2020,POSTING ADVERTISEMENT,54
NYPD,2020,SQUEEGEE,14
NYPD,2020,TRAFFIC,3984
NYPD,2020,URINATING IN PUBLIC,1115
NYPD,2020,VENDING,4251
NYPD,2021,ABANDONED VEHICLE,41911
NYPD,2021,ANIMAL-ABUSE,5797
NYPD,2021,BIKE/ROLLER/SKATE CHRONIC,1219
NYPD,2021,BLOCKED DRIVEWAY,127984
NYPD,2021,DISORDERLY YOUTH,127
NYPD,2021,DRINKING,3000
NYPD,2021,DRUG ACTIVITY,4100
NYPD,2021,ENCAMPMENT,15871
NYPD,2021,GRAFFITI,2621
NYPD,2021,HOMELESS STREET CONDITION,1377
NYPD,2021,ILLEGAL FIREWORKS,21608
NYPD,2021,ILLEGAL PARKING,266513
NYPD,2021,MASS GATHERING COMPLAINT,189
NYPD,2021,NOISE - COMMERCIAL,46919
NYPD,2021,NOISE - HOUSE OF WORSHIP,1986
NYPD,2021,NOISE - PARK,8955
NYPD,2021,NOISE - RESIDENTIAL,323833
NYPD,2021,NOISE - STREET/SIDEWALK,174815
NYPD,2021,NOISE - VEHICLE,78075
NYPD,2021,NON-EMERGENCY POLICE MATTER,14790
NYPD,2021,NONCOMPLIANCE WITH PHASED REOPENING,103
NYPD,2021,PANHANDLING,2023
NYPD,2021,POSTING ADVERTISEMENT,51
NYPD,2021,SQUEEGEE,9
NYPD,2021,TRAFFIC,5552
NYPD,2021,URINATING IN PUBLIC,884
NYPD,2021,VENDING,97
